ensg	intOGen	FIMM	logsdon	FIMM.targets	evo.targets	FIMM_AMLgenes	cTargets
ENSG00000109670	TRUE	NA	NA	NA	NA	TRUE	NA
ENSG00000133703	TRUE	NA	TRUE	NA	TRUE	TRUE	NA
ENSG00000196712	TRUE	NA	NA	NA	TRUE	TRUE	NA
ENSG00000213281	TRUE	NA	NA	NA	TRUE	TRUE	NA
ENSG00000171862	TRUE	NA	NA	NA	TRUE	TRUE	NA
ENSG00000139687	TRUE	NA	NA	NA	TRUE	TRUE	NA
ENSG00000122406	TRUE	NA	NA	NA	NA	NA	NA
ENSG00000141510	TRUE	TRUE	NA	NA	TRUE	TRUE	NA
ENSG00000122025	TRUE	TRUE	TRUE	TRUE	TRUE	TRUE	TRUE
ENSG00000125107	TRUE	NA	NA	NA	NA	NA	NA
ENSG00000088038	TRUE	NA	NA	NA	NA	NA	NA
ENSG00000273943	TRUE	NA	NA	NA	NA	NA	NA
ENSG00000274176	TRUE	NA	NA	NA	NA	NA	NA
ENSG00000274616	TRUE	NA	NA	NA	NA	NA	NA
ENSG00000274941	TRUE	NA	NA	NA	NA	NA	NA
ENSG00000275979	TRUE	NA	NA	NA	NA	NA	NA
ENSG00000276082	TRUE	NA	NA	NA	NA	NA	NA
ENSG00000277114	TRUE	NA	NA	NA	NA	NA	NA
ENSG00000277600	TRUE	NA	NA	NA	NA	NA	NA
ENSG00000277615	TRUE	NA	NA	NA	NA	NA	NA
ENSG00000111252	TRUE	TRUE	NA	NA	TRUE	TRUE	NA
ENSG00000077782	TRUE	NA	NA	TRUE	TRUE	NA	TRUE
ENSG00000179295	TRUE	NA	NA	NA	NA	TRUE	NA
ENSG00000184009	TRUE	NA	NA	NA	NA	NA	NA
ENSG00000134982	TRUE	NA	NA	NA	TRUE	TRUE	NA
ENSG00000117713	TRUE	NA	NA	NA	TRUE	TRUE	NA
ENSG00000163930	TRUE	NA	NA	NA	TRUE	NA	NA
ENSG00000157764	TRUE	NA	NA	TRUE	TRUE	TRUE	TRUE
ENSG00000064012	TRUE	NA	NA	NA	NA	NA	NA
ENSG00000039068	TRUE	NA	NA	NA	TRUE	NA	NA
ENSG00000124762	TRUE	NA	NA	NA	NA	NA	NA
ENSG00000111276	TRUE	NA	NA	NA	NA	NA	NA
ENSG00000147889	TRUE	TRUE	NA	NA	TRUE	TRUE	NA
ENSG00000079432	TRUE	NA	NA	NA	TRUE	NA	NA
ENSG00000102974	TRUE	NA	NA	NA	NA	NA	NA
ENSG00000168036	TRUE	NA	NA	NA	NA	TRUE	NA
ENSG00000108654	TRUE	NA	TRUE	NA	NA	NA	NA
ENSG00000163435	TRUE	NA	NA	NA	NA	NA	NA
ENSG00000083857	TRUE	TRUE	NA	NA	NA	NA	NA
ENSG00000174775	TRUE	NA	NA	NA	TRUE	TRUE	NA
ENSG00000276536	TRUE	NA	NA	NA	TRUE	TRUE	NA
ENSG00000138413	TRUE	NA	NA	TRUE	NA	TRUE	NA
ENSG00000147050	TRUE	NA	NA	NA	NA	TRUE	NA
ENSG00000079999	TRUE	NA	NA	NA	NA	NA	NA
ENSG00000095015	TRUE	NA	TRUE	NA	TRUE	NA	NA
ENSG00000116044	TRUE	NA	TRUE	NA	TRUE	NA	NA
ENSG00000156531	TRUE	NA	NA	NA	NA	TRUE	NA
ENSG00000145715	TRUE	NA	NA	NA	NA	NA	NA
ENSG00000067560	TRUE	NA	TRUE	NA	NA	NA	NA
ENSG00000168028	TRUE	NA	NA	NA	NA	NA	NA
ENSG00000225178	TRUE	NA	NA	NA	NA	NA	NA
ENSG00000181555	TRUE	NA	NA	NA	NA	NA	NA
ENSG00000141646	TRUE	NA	NA	NA	NA	NA	NA
ENSG00000101972	TRUE	NA	NA	NA	TRUE	TRUE	NA
ENSG00000177565	TRUE	NA	NA	NA	NA	NA	NA
ENSG00000265972	TRUE	NA	NA	NA	NA	NA	NA
ENSG00000164398	TRUE	TRUE	NA	NA	NA	TRUE	NA
ENSG00000072364	TRUE	NA	NA	NA	TRUE	NA	NA
ENSG00000145819	TRUE	TRUE	NA	NA	NA	TRUE	NA
ENSG00000183337	TRUE	NA	NA	NA	NA	TRUE	NA
ENSG00000197299	TRUE	TRUE	NA	NA	NA	TRUE	NA
ENSG00000012048	TRUE	NA	NA	NA	TRUE	NA	NA
ENSG00000167258	TRUE	NA	NA	TRUE	TRUE	NA	NA
ENSG00000183765	TRUE	NA	NA	NA	NA	NA	NA
ENSG00000141367	TRUE	NA	NA	NA	NA	NA	NA
ENSG00000100697	TRUE	NA	NA	NA	NA	NA	NA
ENSG00000156976	TRUE	NA	TRUE	NA	NA	NA	NA
ENSG00000100393	TRUE	NA	NA	NA	NA	TRUE	NA
ENSG00000104884	TRUE	NA	NA	NA	TRUE	NA	NA
ENSG00000066468	TRUE	NA	NA	TRUE	TRUE	NA	TRUE
ENSG00000068078	TRUE	TRUE	NA	TRUE	TRUE	TRUE	TRUE
ENSG00000089280	TRUE	NA	NA	NA	NA	TRUE	NA
ENSG00000087460	TRUE	NA	NA	NA	NA	TRUE	NA
ENSG00000066455	TRUE	NA	NA	NA	NA	NA	NA
ENSG00000080824	TRUE	NA	NA	TRUE	TRUE	NA	TRUE
ENSG00000096384	TRUE	NA	NA	TRUE	TRUE	NA	TRUE
ENSG00000067082	TRUE	NA	NA	NA	NA	NA	NA
ENSG00000085276	TRUE	TRUE	NA	NA	NA	TRUE	NA
ENSG00000184634	TRUE	NA	NA	NA	NA	TRUE	NA
ENSG00000105976	TRUE	NA	NA	TRUE	TRUE	NA	TRUE
ENSG00000076242	TRUE	NA	NA	NA	NA	NA	NA
ENSG00000133392	TRUE	TRUE	NA	NA	NA	TRUE	NA
ENSG00000276480	TRUE	TRUE	NA	NA	NA	TRUE	NA
ENSG00000104419	TRUE	NA	NA	NA	NA	NA	NA
ENSG00000148400	TRUE	NA	NA	NA	NA	TRUE	NA
ENSG00000110713	TRUE	NA	NA	NA	NA	TRUE	NA
ENSG00000115524	TRUE	NA	NA	NA	NA	TRUE	NA
ENSG00000116560	TRUE	NA	NA	NA	NA	NA	NA
ENSG00000178691	TRUE	NA	TRUE	NA	NA	NA	NA
ENSG00000135111	TRUE	NA	NA	NA	NA	NA	NA
ENSG00000163513	TRUE	NA	NA	NA	TRUE	NA	NA
ENSG00000054118	TRUE	NA	NA	NA	NA	NA	NA
ENSG00000165699	TRUE	NA	NA	NA	NA	NA	NA
ENSG00000121741	TRUE	NA	NA	NA	NA	NA	NA
ENSG00000204514	TRUE	NA	NA	NA	NA	NA	NA
ENSG00000075624	TRUE	NA	NA	NA	NA	NA	NA
ENSG00000137845	TRUE	NA	NA	NA	NA	NA	NA
ENSG00000124942	TRUE	NA	NA	NA	NA	NA	NA
ENSG00000106546	TRUE	NA	NA	NA	NA	NA	NA
ENSG00000151150	TRUE	NA	NA	NA	NA	NA	NA
ENSG00000021776	TRUE	NA	TRUE	NA	NA	NA	NA
ENSG00000101199	TRUE	NA	NA	NA	NA	NA	NA
ENSG00000124198	TRUE	NA	NA	NA	NA	NA	NA
ENSG00000160007	TRUE	NA	NA	NA	NA	NA	NA
ENSG00000049618	TRUE	NA	NA	NA	NA	NA	NA
ENSG00000175054	TRUE	NA	NA	NA	TRUE	NA	NA
ENSG00000029363	TRUE	NA	NA	NA	NA	NA	NA
ENSG00000204217	TRUE	NA	NA	NA	TRUE	NA	NA
ENSG00000084774	TRUE	NA	NA	NA	NA	NA	NA
ENSG00000142453	TRUE	NA	TRUE	NA	NA	NA	NA
ENSG00000153113	TRUE	NA	NA	NA	NA	NA	NA
ENSG00000121691	TRUE	NA	TRUE	NA	NA	NA	NA
ENSG00000060339	TRUE	NA	NA	NA	NA	NA	NA
ENSG00000150753	TRUE	NA	NA	NA	NA	NA	NA
ENSG00000198707	TRUE	NA	NA	NA	NA	NA	NA
ENSG00000170004	TRUE	NA	NA	NA	NA	NA	NA
ENSG00000177200	TRUE	NA	NA	NA	NA	NA	NA
ENSG00000163539	TRUE	NA	NA	NA	NA	NA	NA
ENSG00000092853	TRUE	NA	NA	NA	NA	NA	NA
ENSG00000166200	TRUE	NA	NA	NA	NA	NA	NA
ENSG00000009307	TRUE	NA	TRUE	NA	NA	NA	NA
ENSG00000108094	TRUE	NA	NA	NA	NA	NA	NA
ENSG00000215301	TRUE	NA	TRUE	NA	NA	NA	NA
ENSG00000083520	TRUE	NA	NA	NA	NA	NA	NA
ENSG00000075711	TRUE	NA	NA	NA	NA	NA	NA
ENSG00000114942	TRUE	NA	NA	NA	NA	NA	NA
ENSG00000283391	TRUE	NA	NA	NA	NA	NA	NA
ENSG00000172071	TRUE	NA	NA	NA	NA	NA	NA
ENSG00000114867	TRUE	NA	TRUE	NA	NA	NA	NA
ENSG00000120690	TRUE	NA	NA	NA	NA	NA	NA
ENSG00000065361	TRUE	NA	NA	NA	TRUE	NA	TRUE
ENSG00000096060	TRUE	NA	NA	NA	TRUE	NA	NA
ENSG00000115414	TRUE	TRUE	NA	NA	NA	NA	NA
ENSG00000138757	TRUE	NA	NA	NA	NA	NA	NA
ENSG00000132522	TRUE	NA	NA	NA	NA	NA	NA
ENSG00000206503	TRUE	NA	NA	NA	NA	NA	NA
ENSG00000206505	TRUE	NA	NA	NA	NA	NA	NA
ENSG00000223980	TRUE	NA	NA	NA	NA	NA	NA
ENSG00000224320	TRUE	NA	NA	NA	NA	NA	NA
ENSG00000227715	TRUE	NA	NA	NA	NA	NA	NA
ENSG00000229215	TRUE	NA	NA	NA	NA	NA	NA
ENSG00000231834	TRUE	NA	NA	NA	NA	NA	NA
ENSG00000235657	TRUE	NA	NA	NA	NA	NA	NA
ENSG00000109971	TRUE	NA	NA	NA	TRUE	NA	NA
ENSG00000136381	TRUE	NA	NA	NA	NA	NA	NA
ENSG00000185950	TRUE	NA	NA	NA	NA	NA	NA
ENSG00000050405	TRUE	NA	NA	NA	NA	NA	NA
ENSG00000085511	TRUE	NA	NA	NA	TRUE	NA	NA
ENSG00000011566	TRUE	NA	NA	NA	TRUE	NA	NA
ENSG00000008838	TRUE	NA	NA	NA	NA	NA	NA
ENSG00000174197	TRUE	NA	NA	NA	NA	NA	NA
ENSG00000198793	TRUE	NA	NA	TRUE	TRUE	NA	TRUE
ENSG00000133026	TRUE	NA	NA	NA	TRUE	NA	NA
ENSG00000187109	TRUE	NA	NA	NA	NA	NA	NA
ENSG00000116701	TRUE	NA	NA	NA	NA	NA	NA
ENSG00000196498	TRUE	NA	NA	NA	TRUE	NA	NA
ENSG00000111581	TRUE	NA	NA	NA	NA	NA	NA
ENSG00000189184	TRUE	NA	NA	NA	NA	NA	NA
ENSG00000140479	TRUE	NA	NA	NA	NA	NA	NA
ENSG00000051382	TRUE	NA	NA	TRUE	TRUE	NA	TRUE
ENSG00000143398	TRUE	NA	NA	NA	TRUE	NA	NA
ENSG00000060656	TRUE	NA	NA	NA	NA	NA	NA
ENSG00000164754	TRUE	NA	NA	NA	NA	TRUE	NA
ENSG00000003756	TRUE	NA	TRUE	NA	NA	NA	NA
ENSG00000143379	TRUE	NA	NA	NA	NA	NA	NA
ENSG00000183431	TRUE	NA	NA	NA	NA	NA	NA
ENSG00000072501	TRUE	NA	NA	NA	NA	NA	NA
ENSG00000115904	TRUE	NA	NA	NA	NA	NA	NA
ENSG00000100485	TRUE	NA	NA	NA	NA	NA	NA
ENSG00000118007	TRUE	NA	NA	NA	NA	NA	NA
ENSG00000101109	TRUE	NA	TRUE	NA	TRUE	NA	NA
ENSG00000147133	TRUE	NA	NA	NA	NA	NA	NA
ENSG00000160551	TRUE	NA	NA	NA	TRUE	NA	NA
ENSG00000149930	TRUE	NA	NA	NA	TRUE	NA	NA
ENSG00000083312	TRUE	NA	NA	NA	NA	NA	NA
ENSG00000067369	TRUE	NA	NA	NA	NA	NA	NA
ENSG00000038382	TRUE	NA	NA	NA	NA	NA	NA
ENSG00000152518	TRUE	NA	NA	NA	NA	NA	NA
ENSG00000142208	TRUE	NA	NA	NA	TRUE	NA	TRUE
ENSG00000189079	TRUE	NA	NA	NA	NA	NA	NA
ENSG00000149311	TRUE	NA	NA	NA	TRUE	TRUE	NA
ENSG00000067955	TRUE	NA	TRUE	NA	NA	TRUE	NA
ENSG00000111642	TRUE	NA	NA	NA	NA	NA	NA
ENSG00000146648	TRUE	NA	NA	TRUE	TRUE	TRUE	TRUE
ENSG00000173674	TRUE	NA	NA	NA	NA	NA	NA
ENSG00000129514	TRUE	NA	NA	NA	NA	NA	NA
ENSG00000162613	TRUE	NA	NA	NA	NA	NA	NA
ENSG00000107485	TRUE	TRUE	NA	NA	NA	TRUE	NA
ENSG00000126012	TRUE	NA	NA	NA	NA	NA	NA
ENSG00000065559	TRUE	NA	NA	NA	TRUE	NA	NA
ENSG00000118513	TRUE	NA	TRUE	NA	NA	NA	NA
ENSG00000141027	TRUE	NA	NA	NA	NA	NA	NA
ENSG00000163939	TRUE	NA	NA	NA	NA	NA	NA
ENSG00000121879	TRUE	NA	NA	TRUE	TRUE	NA	TRUE
ENSG00000145675	TRUE	NA	NA	TRUE	TRUE	NA	TRUE
ENSG00000159216	TRUE	TRUE	NA	NA	TRUE	TRUE	NA
ENSG00000118046	TRUE	NA	NA	NA	TRUE	NA	NA
ENSG00000185650	TRUE	NA	TRUE	NA	NA	NA	NA
ENSG00000127914	TRUE	NA	NA	NA	NA	NA	NA
ENSG00000123268	TRUE	NA	TRUE	NA	NA	NA	NA
ENSG00000138363	TRUE	NA	NA	NA	NA	NA	NA
ENSG00000139618	TRUE	TRUE	NA	NA	TRUE	TRUE	NA
ENSG00000141736	TRUE	NA	NA	NA	TRUE	NA	TRUE
ENSG00000114861	TRUE	NA	NA	NA	NA	NA	NA
ENSG00000108924	TRUE	NA	NA	NA	NA	NA	NA
ENSG00000136167	TRUE	NA	NA	NA	NA	NA	NA
ENSG00000196588	TRUE	NA	NA	NA	NA	TRUE	NA
ENSG00000100345	TRUE	NA	NA	NA	NA	NA	NA
ENSG00000186575	TRUE	NA	NA	NA	TRUE	NA	NA
ENSG00000134250	TRUE	NA	TRUE	NA	NA	TRUE	NA
ENSG00000165671	TRUE	NA	NA	NA	NA	TRUE	NA
ENSG00000196092	TRUE	TRUE	NA	NA	NA	TRUE	NA
ENSG00000108946	TRUE	NA	NA	NA	NA	NA	NA
ENSG00000127616	TRUE	NA	TRUE	NA	NA	TRUE	NA
ENSG00000140262	TRUE	NA	NA	NA	NA	NA	NA
ENSG00000148737	TRUE	NA	NA	NA	NA	NA	NA
ENSG00000122729	TRUE	NA	NA	NA	NA	NA	NA
ENSG00000135503	TRUE	NA	NA	NA	TRUE	NA	NA
ENSG00000054267	TRUE	NA	NA	NA	NA	NA	NA
ENSG00000133794	TRUE	NA	NA	NA	NA	NA	NA
ENSG00000116539	TRUE	NA	NA	NA	NA	NA	NA
ENSG00000066279	TRUE	NA	NA	NA	NA	NA	NA
ENSG00000173068	TRUE	NA	NA	NA	NA	NA	NA
ENSG00000171634	TRUE	NA	NA	NA	NA	NA	NA
ENSG00000151292	TRUE	NA	NA	NA	TRUE	NA	NA
ENSG00000055130	TRUE	NA	NA	NA	NA	NA	NA
ENSG00000109606	TRUE	NA	TRUE	NA	NA	NA	NA
ENSG00000102081	TRUE	NA	NA	NA	NA	NA	NA
ENSG00000172534	TRUE	NA	NA	NA	NA	NA	NA
ENSG00000205726	TRUE	NA	NA	NA	NA	NA	NA
ENSG00000160145	TRUE	NA	NA	NA	NA	NA	NA
ENSG00000136826	TRUE	NA	TRUE	NA	NA	NA	NA
ENSG00000070018	TRUE	TRUE	NA	NA	NA	NA	NA
ENSG00000281324	TRUE	TRUE	NA	NA	NA	NA	NA
ENSG00000127603	TRUE	NA	NA	NA	NA	NA	NA
ENSG00000125952	TRUE	NA	TRUE	NA	NA	NA	NA
ENSG00000112282	TRUE	NA	TRUE	NA	NA	NA	NA
ENSG00000038945	TRUE	TRUE	NA	NA	NA	NA	NA
ENSG00000176945	TRUE	NA	NA	NA	NA	NA	NA
ENSG00000274843	TRUE	NA	NA	NA	NA	NA	NA
ENSG00000275430	TRUE	NA	NA	NA	NA	NA	NA
ENSG00000275501	TRUE	NA	NA	NA	NA	NA	NA
ENSG00000276583	TRUE	NA	NA	NA	NA	NA	NA
ENSG00000277753	TRUE	NA	NA	NA	NA	NA	NA
ENSG00000278114	TRUE	NA	NA	NA	NA	NA	NA
ENSG00000281630	TRUE	NA	NA	NA	NA	NA	NA
ENSG00000105357	TRUE	NA	NA	NA	NA	NA	NA
ENSG00000153234	TRUE	NA	NA	NA	NA	NA	NA
ENSG00000117461	TRUE	NA	NA	TRUE	TRUE	NA	TRUE
ENSG00000047315	TRUE	NA	TRUE	NA	NA	NA	NA
ENSG00000067606	TRUE	NA	NA	TRUE	NA	NA	TRUE
ENSG00000095303	TRUE	NA	NA	NA	NA	NA	NA
ENSG00000102054	TRUE	NA	NA	NA	NA	NA	NA
ENSG00000163918	TRUE	NA	NA	NA	NA	NA	NA
ENSG00000106615	TRUE	NA	NA	NA	NA	NA	NA
ENSG00000156313	TRUE	NA	NA	NA	NA	NA	NA
ENSG00000150961	TRUE	NA	NA	NA	NA	NA	NA
ENSG00000197694	TRUE	NA	NA	NA	NA	NA	NA
ENSG00000196935	TRUE	NA	NA	NA	NA	NA	NA
ENSG00000168439	TRUE	NA	NA	NA	NA	NA	NA
ENSG00000165124	TRUE	NA	NA	NA	NA	NA	NA
ENSG00000198176	TRUE	NA	NA	NA	NA	NA	NA
ENSG00000100284	TRUE	NA	NA	NA	NA	NA	NA
ENSG00000085224	TRUE	NA	NA	NA	NA	TRUE	NA
ENSG00000172936	TRUE	NA	NA	NA	TRUE	TRUE	NA
ENSG00000082898	TRUE	NA	NA	TRUE	NA	TRUE	TRUE
ENSG00000171456	TRUE	NA	NA	NA	NA	TRUE	NA
ENSG00000137752	TRUE	NA	TRUE	NA	NA	NA	NA
ENSG00000127955	TRUE	NA	NA	NA	NA	NA	NA
ENSG00000182621	TRUE	NA	NA	NA	NA	NA	NA
ENSG00000119772	TRUE	NA	NA	NA	NA	TRUE	TRUE
ENSG00000182054	TRUE	NA	NA	TRUE	NA	TRUE	NA
ENSG00000169032	TRUE	NA	TRUE	TRUE	TRUE	NA	TRUE
ENSG00000175387	TRUE	NA	TRUE	NA	NA	NA	NA
ENSG00000125398	TRUE	NA	NA	NA	NA	NA	NA
ENSG00000184937	TRUE	NA	NA	NA	TRUE	TRUE	NA
ENSG00000134371	TRUE	NA	NA	NA	NA	NA	NA
ENSG00000005339	TRUE	NA	NA	NA	NA	TRUE	NA
ENSG00000105568	TRUE	NA	NA	NA	NA	NA	NA
ENSG00000196220	TRUE	NA	NA	NA	NA	NA	NA
ENSG00000168646	TRUE	NA	NA	NA	NA	NA	NA
ENSG00000185658	TRUE	NA	NA	NA	NA	NA	NA
ENSG00000114416	TRUE	NA	NA	NA	NA	NA	NA
ENSG00000185551	TRUE	NA	NA	NA	NA	NA	NA
ENSG00000074527	TRUE	NA	NA	NA	NA	NA	NA
ENSG00000169564	TRUE	NA	NA	NA	NA	NA	NA
ENSG00000182872	TRUE	NA	TRUE	NA	NA	NA	NA
ENSG00000115310	TRUE	NA	NA	NA	NA	NA	NA
ENSG00000135316	TRUE	NA	NA	NA	NA	NA	NA
ENSG00000115935	TRUE	NA	NA	NA	NA	NA	NA
ENSG00000058673	TRUE	NA	NA	NA	NA	NA	NA
ENSG00000257315	TRUE	NA	NA	NA	NA	NA	NA
ENSG00000138081	TRUE	NA	NA	NA	NA	NA	NA
ENSG00000136997	TRUE	TRUE	NA	NA	TRUE	TRUE	NA
ENSG00000156508	TRUE	NA	NA	NA	NA	NA	NA
ENSG00000106462	TRUE	NA	NA	NA	TRUE	TRUE	NA
ENSG00000131375	TRUE	NA	NA	NA	NA	NA	NA
ENSG00000036257	TRUE	NA	NA	NA	NA	NA	NA
ENSG00000019991	TRUE	NA	NA	NA	NA	NA	NA
ENSG00000206450	TRUE	NA	NA	NA	NA	NA	NA
ENSG00000223532	TRUE	NA	NA	NA	NA	NA	NA
ENSG00000224608	TRUE	NA	NA	NA	NA	NA	NA
ENSG00000228964	TRUE	NA	NA	NA	NA	NA	NA
ENSG00000232126	TRUE	NA	NA	NA	NA	NA	NA
ENSG00000234745	TRUE	NA	NA	NA	NA	NA	NA
ENSG00000061676	TRUE	NA	NA	NA	NA	NA	NA
ENSG00000176974	TRUE	NA	NA	NA	NA	NA	NA
ENSG00000128052	TRUE	NA	NA	TRUE	TRUE	NA	TRUE
ENSG00000133895	TRUE	NA	NA	NA	NA	NA	NA
ENSG00000151498	TRUE	NA	NA	NA	NA	NA	NA
ENSG00000129675	TRUE	NA	NA	NA	NA	NA	NA
ENSG00000100888	TRUE	NA	NA	NA	NA	NA	NA
ENSG00000134852	TRUE	NA	NA	NA	NA	NA	NA
ENSG00000048052	TRUE	NA	NA	TRUE	TRUE	NA	NA
ENSG00000049759	TRUE	NA	NA	NA	NA	NA	NA
ENSG00000100968	TRUE	NA	NA	NA	NA	NA	NA
ENSG00000174231	TRUE	NA	TRUE	NA	NA	NA	NA
ENSG00000274442	TRUE	NA	TRUE	NA	NA	NA	NA
ENSG00000169375	TRUE	NA	NA	NA	NA	NA	NA
ENSG00000104067	TRUE	NA	NA	NA	NA	NA	NA
ENSG00000277401	TRUE	NA	NA	NA	NA	NA	NA
ENSG00000121989	TRUE	NA	NA	NA	TRUE	NA	NA
ENSG00000166710	TRUE	NA	NA	NA	NA	TRUE	NA
ENSG00000273686	TRUE	NA	NA	NA	NA	TRUE	NA
ENSG00000080802	TRUE	NA	NA	NA	NA	NA	NA
ENSG00000101266	TRUE	NA	TRUE	NA	TRUE	NA	NA
ENSG00000142627	TRUE	NA	NA	NA	TRUE	NA	TRUE
ENSG00000136238	TRUE	NA	NA	NA	TRUE	NA	NA
ENSG00000116251	TRUE	NA	NA	NA	NA	TRUE	NA
ENSG00000121067	TRUE	NA	NA	NA	NA	NA	NA
ENSG00000160201	TRUE	NA	NA	NA	NA	TRUE	NA
ENSG00000141579	TRUE	NA	NA	NA	NA	NA	NA
ENSG00000119866	TRUE	NA	TRUE	NA	NA	NA	NA
ENSG00000179583	TRUE	NA	NA	NA	NA	NA	NA
ENSG00000108821	TRUE	NA	NA	NA	NA	NA	NA
ENSG00000083799	TRUE	NA	NA	NA	NA	NA	NA
ENSG00000102034	TRUE	NA	TRUE	NA	NA	TRUE	NA
ENSG00000116132	TRUE	NA	NA	NA	NA	TRUE	NA
ENSG00000164985	TRUE	NA	NA	NA	NA	TRUE	NA
ENSG00000120868	TRUE	NA	NA	NA	NA	NA	NA
ENSG00000182220	TRUE	NA	NA	NA	NA	NA	NA
ENSG00000123636	TRUE	NA	TRUE	NA	NA	NA	NA
ENSG00000226266	TRUE	NA	TRUE	NA	NA	NA	NA
ENSG00000086570	TRUE	NA	NA	NA	NA	NA	NA
ENSG00000121957	TRUE	NA	NA	NA	NA	NA	NA
ENSG00000117595	TRUE	NA	NA	NA	NA	NA	NA
ENSG00000196569	TRUE	NA	NA	NA	NA	NA	NA
ENSG00000042429	TRUE	NA	NA	NA	NA	NA	NA
ENSG00000081189	TRUE	NA	TRUE	NA	NA	NA	NA
ENSG00000170430	TRUE	NA	NA	NA	NA	NA	NA
ENSG00000151846	TRUE	NA	NA	NA	NA	NA	NA
ENSG00000078304	TRUE	NA	NA	NA	NA	NA	NA
ENSG00000172575	TRUE	NA	NA	NA	NA	NA	NA
ENSG00000196628	TRUE	NA	TRUE	NA	NA	NA	NA
ENSG00000114126	TRUE	NA	TRUE	NA	NA	NA	NA
ENSG00000119139	TRUE	NA	NA	NA	NA	NA	NA
ENSG00000125733	TRUE	NA	NA	NA	NA	NA	NA
ENSG00000070756	TRUE	NA	NA	NA	NA	NA	NA
ENSG00000134086	TRUE	NA	NA	NA	TRUE	NA	NA
ENSG00000100902	TRUE	NA	NA	NA	TRUE	NA	TRUE
ENSG00000131467	TRUE	NA	NA	NA	TRUE	NA	NA
ENSG00000245848	TRUE	TRUE	TRUE	NA	NA	TRUE	NA
ENSG00000157404	TRUE	TRUE	TRUE	TRUE	TRUE	TRUE	TRUE
ENSG00000181163	TRUE	NA	TRUE	NA	TRUE	TRUE	NA
ENSG00000168769	TRUE	NA	NA	NA	NA	TRUE	NA
ENSG00000156650	TRUE	NA	NA	NA	NA	TRUE	NA
ENSG00000281813	TRUE	NA	NA	NA	NA	TRUE	NA
ENSG00000188994	TRUE	NA	NA	NA	NA	NA	NA
ENSG00000163017	TRUE	NA	NA	NA	NA	NA	NA
ENSG00000131778	TRUE	NA	NA	NA	NA	NA	NA
ENSG00000101343	TRUE	NA	NA	NA	NA	NA	NA
ENSG00000108883	TRUE	NA	TRUE	NA	NA	NA	NA
ENSG00000116106	TRUE	NA	NA	NA	TRUE	NA	TRUE
ENSG00000133216	TRUE	NA	NA	NA	TRUE	NA	TRUE
ENSG00000145907	TRUE	NA	NA	NA	NA	NA	NA
ENSG00000186469	TRUE	NA	NA	NA	NA	NA	NA
ENSG00000134333	TRUE	NA	NA	NA	NA	NA	NA
ENSG00000104814	TRUE	NA	TRUE	NA	TRUE	NA	NA
ENSG00000282928	TRUE	NA	TRUE	NA	TRUE	NA	NA
ENSG00000087245	TRUE	TRUE	NA	NA	TRUE	NA	NA
ENSG00000158092	TRUE	NA	NA	NA	NA	NA	NA
ENSG00000148053	TRUE	NA	NA	TRUE	TRUE	NA	TRUE
ENSG00000066027	TRUE	NA	NA	NA	NA	NA	NA
ENSG00000108671	TRUE	NA	NA	NA	TRUE	NA	NA
ENSG00000119318	TRUE	NA	NA	NA	NA	NA	NA
ENSG00000163209	TRUE	NA	NA	NA	NA	NA	NA
ENSG00000125351	TRUE	NA	NA	NA	NA	NA	NA
ENSG00000143322	TRUE	NA	NA	TRUE	TRUE	TRUE	NA
ENSG00000085733	TRUE	NA	NA	NA	NA	NA	NA
ENSG00000135829	TRUE	NA	NA	NA	NA	NA	NA
ENSG00000138835	TRUE	NA	NA	NA	NA	NA	NA
ENSG00000128602	TRUE	NA	NA	NA	TRUE	NA	TRUE
ENSG00000185920	TRUE	NA	NA	NA	NA	NA	NA
ENSG00000183508	TRUE	NA	NA	NA	NA	NA	NA
ENSG00000171094	TRUE	NA	NA	TRUE	TRUE	NA	TRUE
ENSG00000134323	TRUE	TRUE	NA	NA	NA	NA	NA
ENSG00000185010	TRUE	NA	NA	NA	NA	NA	NA
ENSG00000171720	TRUE	NA	NA	TRUE	TRUE	NA	NA
ENSG00000065978	TRUE	NA	NA	NA	NA	NA	NA
ENSG00000120616	TRUE	NA	NA	NA	NA	NA	NA
ENSG00000109536	TRUE	NA	NA	NA	NA	NA	NA
ENSG00000275145	TRUE	NA	NA	NA	NA	NA	NA
ENSG00000283153	TRUE	NA	NA	NA	NA	NA	NA
ENSG00000283630	TRUE	NA	NA	NA	NA	NA	NA
ENSG00000173611	TRUE	NA	NA	NA	NA	NA	NA
ENSG00000145216	TRUE	NA	NA	NA	NA	NA	NA
ENSG00000135100	TRUE	NA	NA	NA	NA	NA	NA
ENSG00000099956	TRUE	NA	NA	NA	TRUE	NA	NA
ENSG00000275837	TRUE	NA	NA	NA	TRUE	NA	NA
ENSG00000164742	TRUE	NA	NA	NA	NA	NA	NA
ENSG00000242247	TRUE	NA	NA	NA	NA	NA	NA
ENSG00000004897	TRUE	NA	NA	NA	NA	NA	NA
ENSG00000108797	TRUE	NA	NA	NA	NA	NA	NA
ENSG00000167034	TRUE	NA	NA	NA	NA	NA	NA
ENSG00000114554	TRUE	NA	NA	NA	NA	NA	NA
ENSG00000102038	TRUE	NA	NA	NA	NA	NA	NA
ENSG00000114251	TRUE	NA	NA	NA	NA	NA	NA
ENSG00000140836	TRUE	NA	NA	NA	NA	NA	NA
ENSG00000163563	TRUE	NA	NA	NA	NA	NA	NA
ENSG00000121940	TRUE	NA	NA	NA	NA	NA	NA
ENSG00000119414	TRUE	NA	NA	NA	NA	NA	NA
ENSG00000123983	TRUE	NA	NA	NA	NA	NA	NA
ENSG00000135446	TRUE	NA	TRUE	TRUE	TRUE	NA	TRUE
ENSG00000140577	TRUE	NA	TRUE	NA	NA	NA	NA
ENSG00000026103	TRUE	NA	NA	NA	NA	NA	NA
ENSG00000163518	TRUE	NA	NA	NA	NA	NA	NA
ENSG00000179094	TRUE	TRUE	NA	NA	NA	TRUE	NA
ENSG00000165025	TRUE	NA	TRUE	TRUE	TRUE	NA	TRUE
ENSG00000129204	TRUE	NA	NA	NA	NA	NA	NA
ENSG00000153207	TRUE	NA	NA	NA	NA	NA	NA
ENSG00000137962	TRUE	NA	NA	NA	NA	NA	NA
ENSG00000116584	TRUE	NA	NA	NA	NA	NA	NA
ENSG00000124177	TRUE	NA	NA	NA	NA	NA	NA
ENSG00000100055	TRUE	NA	NA	NA	NA	NA	NA
ENSG00000075151	TRUE	NA	NA	NA	NA	NA	NA
ENSG00000185104	TRUE	NA	NA	NA	NA	NA	NA
ENSG00000140525	TRUE	NA	NA	NA	TRUE	NA	NA
ENSG00000185507	TRUE	NA	TRUE	NA	NA	NA	NA
ENSG00000276561	TRUE	NA	TRUE	NA	NA	NA	NA
ENSG00000144668	TRUE	NA	NA	NA	NA	NA	NA
ENSG00000152409	TRUE	NA	NA	NA	NA	NA	NA
ENSG00000113441	TRUE	NA	NA	NA	NA	NA	NA
ENSG00000138095	TRUE	NA	NA	NA	NA	NA	NA
ENSG00000187391	TRUE	TRUE	NA	NA	NA	TRUE	NA
ENSG00000173327	TRUE	NA	TRUE	NA	TRUE	NA	NA
ENSG00000168906	TRUE	NA	NA	NA	NA	NA	NA
ENSG00000112118	TRUE	NA	NA	NA	NA	NA	NA
ENSG00000125885	TRUE	NA	NA	NA	NA	NA	NA
ENSG00000100060	TRUE	NA	NA	NA	NA	NA	NA
ENSG00000133056	TRUE	NA	NA	NA	TRUE	NA	NA
ENSG00000196313	TRUE	NA	NA	NA	NA	NA	NA
ENSG00000155903	TRUE	NA	NA	NA	NA	NA	NA
ENSG00000126858	TRUE	NA	NA	NA	NA	NA	NA
ENSG00000108854	TRUE	NA	TRUE	NA	NA	NA	NA
ENSG00000124496	TRUE	NA	NA	NA	NA	NA	NA
ENSG00000026025	TRUE	NA	NA	NA	NA	NA	NA
ENSG00000132970	TRUE	NA	NA	NA	NA	NA	NA
ENSG00000060237	TRUE	NA	TRUE	NA	NA	NA	NA
ENSG00000114127	TRUE	NA	NA	NA	NA	NA	NA
ENSG00000075292	TRUE	NA	NA	NA	NA	NA	NA
ENSG00000088256	TRUE	NA	NA	NA	TRUE	NA	NA
ENSG00000066777	TRUE	NA	NA	NA	NA	NA	NA
ENSG00000032219	TRUE	NA	NA	NA	NA	NA	NA
ENSG00000146904	TRUE	NA	NA	NA	TRUE	NA	TRUE
ENSG00000168310	TRUE	NA	NA	NA	NA	NA	NA
ENSG00000099139	TRUE	NA	NA	NA	NA	NA	NA
ENSG00000142949	TRUE	NA	NA	NA	TRUE	NA	NA
ENSG00000133121	TRUE	NA	NA	NA	NA	NA	NA
ENSG00000105576	TRUE	NA	NA	NA	NA	NA	NA
ENSG00000170836	TRUE	NA	TRUE	NA	NA	NA	NA
ENSG00000150347	TRUE	TRUE	NA	NA	NA	TRUE	NA
ENSG00000110092	TRUE	TRUE	NA	NA	TRUE	TRUE	TRUE
ENSG00000275176	TRUE	NA	NA	NA	NA	NA	NA
ENSG00000278540	TRUE	NA	NA	NA	NA	NA	NA
ENSG00000120318	TRUE	NA	NA	NA	NA	NA	NA
ENSG00000103126	TRUE	NA	NA	NA	NA	NA	NA
ENSG00000198561	TRUE	NA	NA	NA	NA	NA	NA
ENSG00000257923	TRUE	NA	NA	NA	NA	TRUE	NA
ENSG00000035499	TRUE	NA	NA	NA	NA	NA	NA
ENSG00000101452	TRUE	NA	NA	NA	NA	NA	NA
ENSG00000125798	TRUE	NA	NA	NA	NA	NA	NA
ENSG00000153487	TRUE	NA	NA	NA	NA	NA	NA
ENSG00000040933	TRUE	NA	NA	NA	NA	NA	NA
ENSG00000165458	TRUE	NA	NA	NA	TRUE	NA	NA
ENSG00000119684	TRUE	NA	NA	NA	NA	NA	NA
ENSG00000102900	TRUE	NA	NA	NA	NA	NA	NA
ENSG00000082175	TRUE	NA	NA	NA	TRUE	NA	NA
ENSG00000124181	TRUE	NA	NA	NA	NA	NA	NA
ENSG00000196576	TRUE	NA	NA	NA	NA	NA	NA
ENSG00000185008	TRUE	NA	NA	NA	NA	NA	NA
ENSG00000138674	TRUE	NA	NA	NA	NA	NA	NA
ENSG00000164736	TRUE	NA	NA	NA	NA	NA	NA
ENSG00000126016	TRUE	NA	NA	NA	NA	NA	NA
ENSG00000143970	TRUE	NA	NA	NA	NA	NA	NA
ENSG00000107929	TRUE	NA	NA	NA	NA	NA	NA
ENSG00000134046	TRUE	NA	TRUE	NA	NA	NA	NA
ENSG00000081913	TRUE	NA	NA	NA	NA	NA	NA
ENSG00000108375	TRUE	NA	NA	NA	NA	NA	NA
ENSG00000151835	TRUE	NA	NA	NA	NA	NA	NA
ENSG00000183579	TRUE	NA	NA	NA	NA	NA	NA
ENSG00000085563	TRUE	NA	NA	NA	TRUE	NA	NA
ENSG00000015285	TRUE	NA	NA	NA	NA	NA	NA
ENSG00000002933	NA	TRUE	NA	NA	NA	NA	NA
ENSG00000004939	NA	TRUE	NA	NA	NA	NA	NA
ENSG00000005073	NA	TRUE	NA	NA	NA	NA	NA
ENSG00000005108	NA	TRUE	NA	NA	NA	NA	NA
ENSG00000005381	NA	TRUE	NA	NA	NA	NA	NA
ENSG00000007038	NA	TRUE	NA	NA	NA	NA	NA
ENSG00000007062	NA	TRUE	NA	NA	NA	NA	NA
ENSG00000007237	NA	TRUE	NA	NA	NA	TRUE	NA
ENSG00000007312	NA	TRUE	NA	NA	NA	TRUE	NA
ENSG00000008438	NA	TRUE	NA	NA	NA	NA	NA
ENSG00000012223	NA	TRUE	NA	NA	NA	NA	NA
ENSG00000012817	NA	TRUE	NA	NA	NA	NA	NA
ENSG00000019169	NA	TRUE	NA	NA	NA	NA	NA
ENSG00000036448	NA	TRUE	NA	NA	NA	TRUE	NA
ENSG00000038427	NA	TRUE	NA	NA	NA	NA	NA
ENSG00000040633	NA	TRUE	NA	NA	NA	TRUE	NA
ENSG00000046604	NA	TRUE	NA	NA	NA	TRUE	NA
ENSG00000049540	NA	TRUE	NA	NA	NA	NA	NA
ENSG00000054598	NA	TRUE	TRUE	NA	NA	NA	NA
ENSG00000057294	NA	TRUE	NA	NA	NA	NA	NA
ENSG00000059377	NA	TRUE	NA	NA	TRUE	TRUE	NA
ENSG00000064692	NA	TRUE	NA	NA	NA	NA	NA
ENSG00000065618	NA	TRUE	NA	NA	NA	NA	NA
ENSG00000067048	NA	TRUE	NA	NA	NA	NA	NA
ENSG00000067646	NA	TRUE	NA	NA	NA	NA	NA
ENSG00000067798	NA	TRUE	NA	NA	NA	NA	NA
ENSG00000070182	NA	TRUE	NA	NA	NA	NA	NA
ENSG00000073282	NA	TRUE	NA	NA	NA	TRUE	NA
ENSG00000074047	NA	TRUE	NA	NA	NA	NA	NA
ENSG00000074964	NA	TRUE	NA	NA	NA	NA	NA
ENSG00000076716	NA	TRUE	NA	NA	NA	NA	NA
ENSG00000077327	NA	TRUE	NA	NA	NA	NA	NA
ENSG00000078295	NA	TRUE	NA	NA	NA	NA	NA
ENSG00000078399	NA	TRUE	NA	NA	NA	TRUE	NA
ENSG00000079263	NA	TRUE	NA	NA	NA	TRUE	NA
ENSG00000086548	NA	TRUE	NA	NA	NA	NA	NA
ENSG00000087116	NA	TRUE	NA	NA	NA	NA	NA
ENSG00000087495	NA	TRUE	NA	NA	NA	NA	NA
ENSG00000088827	NA	TRUE	NA	NA	NA	NA	NA
ENSG00000092067	NA	TRUE	TRUE	NA	NA	TRUE	NA
ENSG00000095917	NA	TRUE	NA	NA	NA	NA	NA
ENSG00000096006	NA	TRUE	NA	NA	NA	NA	NA
ENSG00000096696	NA	TRUE	NA	NA	NA	TRUE	NA
ENSG00000099284	NA	TRUE	NA	NA	NA	NA	NA
ENSG00000099725	NA	TRUE	NA	NA	NA	NA	NA
ENSG00000100033	NA	TRUE	NA	NA	NA	NA	NA
ENSG00000100079	NA	TRUE	NA	NA	NA	NA	NA
ENSG00000100336	NA	TRUE	NA	NA	NA	NA	NA
ENSG00000100448	NA	TRUE	NA	NA	TRUE	NA	NA
ENSG00000100504	NA	TRUE	NA	NA	TRUE	TRUE	NA
ENSG00000100985	NA	TRUE	NA	NA	NA	NA	NA
ENSG00000101276	NA	TRUE	NA	NA	NA	NA	NA
ENSG00000101311	NA	TRUE	NA	NA	NA	NA	NA
ENSG00000101425	NA	TRUE	NA	NA	NA	NA	NA
ENSG00000101938	NA	TRUE	NA	NA	NA	NA	NA
ENSG00000102145	NA	TRUE	TRUE	NA	NA	TRUE	NA
ENSG00000102287	NA	TRUE	NA	NA	NA	NA	NA
ENSG00000102595	NA	TRUE	NA	NA	NA	NA	NA
ENSG00000102837	NA	TRUE	NA	NA	NA	NA	NA
ENSG00000102854	NA	TRUE	NA	NA	NA	NA	NA
ENSG00000105048	NA	TRUE	NA	NA	NA	NA	NA
ENSG00000105205	NA	TRUE	NA	NA	NA	NA	NA
ENSG00000105639	NA	TRUE	NA	TRUE	TRUE	TRUE	NA
ENSG00000105971	NA	TRUE	NA	NA	NA	NA	NA
ENSG00000105997	NA	TRUE	NA	NA	NA	NA	NA
ENSG00000106004	NA	TRUE	NA	NA	NA	NA	NA
ENSG00000106006	NA	TRUE	NA	NA	NA	NA	NA
ENSG00000106031	NA	TRUE	NA	NA	NA	TRUE	NA
ENSG00000106236	NA	TRUE	NA	NA	NA	NA	NA
ENSG00000106565	NA	TRUE	NA	NA	NA	NA	NA
ENSG00000107447	NA	TRUE	NA	NA	NA	NA	NA
ENSG00000107562	NA	TRUE	NA	NA	NA	NA	NA
ENSG00000108511	NA	TRUE	NA	NA	NA	NA	NA
ENSG00000109819	NA	TRUE	NA	NA	NA	TRUE	NA
ENSG00000109906	NA	TRUE	TRUE	NA	NA	TRUE	NA
ENSG00000110844	NA	TRUE	NA	NA	NA	TRUE	NA
ENSG00000111052	NA	TRUE	NA	NA	NA	NA	NA
ENSG00000111057	NA	TRUE	NA	NA	NA	NA	NA
ENSG00000111961	NA	TRUE	NA	NA	NA	NA	NA
ENSG00000112039	NA	TRUE	NA	NA	NA	TRUE	NA
ENSG00000112077	NA	TRUE	NA	NA	NA	NA	NA
ENSG00000112414	NA	TRUE	NA	NA	NA	NA	NA
ENSG00000112559	NA	TRUE	NA	NA	NA	NA	NA
ENSG00000113100	NA	TRUE	NA	NA	NA	NA	NA
ENSG00000113389	NA	TRUE	NA	NA	NA	NA	NA
ENSG00000113494	NA	TRUE	NA	NA	NA	NA	NA
ENSG00000113721	NA	TRUE	NA	TRUE	TRUE	TRUE	TRUE
ENSG00000113916	NA	TRUE	NA	NA	NA	TRUE	NA
ENSG00000114374	NA	TRUE	NA	NA	NA	NA	NA
ENSG00000115306	NA	TRUE	NA	NA	NA	TRUE	NA
ENSG00000115590	NA	TRUE	NA	NA	NA	NA	NA
ENSG00000117318	NA	TRUE	NA	NA	NA	TRUE	NA
ENSG00000117400	NA	TRUE	NA	NA	TRUE	TRUE	NA
ENSG00000117724	NA	TRUE	NA	NA	NA	TRUE	NA
ENSG00000118113	NA	TRUE	NA	NA	NA	NA	NA
ENSG00000118503	NA	TRUE	NA	NA	NA	TRUE	NA
ENSG00000118515	NA	TRUE	NA	NA	NA	TRUE	NA
ENSG00000118520	NA	TRUE	NA	NA	NA	NA	NA
ENSG00000119508	NA	TRUE	NA	NA	TRUE	NA	NA
ENSG00000119535	NA	TRUE	NA	NA	TRUE	TRUE	NA
ENSG00000119919	NA	TRUE	TRUE	NA	NA	NA	NA
ENSG00000120068	NA	TRUE	NA	NA	NA	NA	NA
ENSG00000120075	NA	TRUE	NA	NA	NA	NA	NA
ENSG00000120093	NA	TRUE	NA	NA	NA	NA	NA
ENSG00000120262	NA	TRUE	NA	NA	NA	TRUE	NA
ENSG00000120279	NA	TRUE	NA	NA	NA	NA	NA
ENSG00000120708	NA	TRUE	NA	NA	NA	NA	NA
ENSG00000121053	NA	TRUE	NA	NA	NA	NA	NA
ENSG00000121316	NA	TRUE	NA	NA	NA	NA	NA
ENSG00000121570	NA	TRUE	NA	NA	NA	NA	NA
ENSG00000121807	NA	TRUE	NA	NA	TRUE	NA	NA
ENSG00000122592	NA	TRUE	NA	NA	NA	NA	NA
ENSG00000123384	NA	TRUE	NA	NA	NA	TRUE	NA
ENSG00000123689	NA	TRUE	NA	NA	NA	NA	NA
ENSG00000124469	NA	TRUE	NA	NA	NA	NA	NA
ENSG00000124882	NA	TRUE	NA	NA	NA	NA	NA
ENSG00000125869	NA	TRUE	NA	NA	NA	NA	NA
ENSG00000126524	NA	TRUE	NA	NA	NA	TRUE	NA
ENSG00000126878	NA	TRUE	NA	NA	NA	NA	NA
ENSG00000128040	NA	TRUE	NA	NA	NA	NA	NA
ENSG00000128322	NA	TRUE	NA	NA	NA	NA	NA
ENSG00000129824	NA	TRUE	NA	NA	NA	NA	NA
ENSG00000129993	NA	TRUE	NA	NA	NA	TRUE	NA
ENSG00000130147	NA	TRUE	NA	NA	NA	NA	NA
ENSG00000130508	NA	TRUE	NA	NA	NA	NA	NA
ENSG00000130635	NA	TRUE	NA	NA	NA	NA	NA
ENSG00000131002	NA	TRUE	NA	NA	NA	NA	NA
ENSG00000131018	NA	TRUE	NA	NA	NA	TRUE	NA
ENSG00000131759	NA	TRUE	NA	NA	NA	TRUE	NA
ENSG00000132329	NA	TRUE	NA	NA	NA	NA	NA
ENSG00000132514	NA	TRUE	NA	NA	NA	NA	NA
ENSG00000133048	NA	TRUE	NA	NA	NA	NA	NA
ENSG00000133169	NA	TRUE	NA	NA	NA	NA	NA
ENSG00000133454	NA	TRUE	NA	NA	NA	NA	NA
ENSG00000133639	NA	TRUE	TRUE	NA	NA	TRUE	NA
ENSG00000133742	NA	TRUE	NA	NA	TRUE	NA	NA
ENSG00000134184	NA	TRUE	NA	NA	NA	NA	NA
ENSG00000134755	NA	TRUE	NA	NA	NA	NA	NA
ENSG00000134873	NA	TRUE	NA	NA	NA	NA	NA
ENSG00000135218	NA	TRUE	NA	NA	NA	TRUE	NA
ENSG00000135862	NA	TRUE	NA	NA	NA	NA	NA
ENSG00000135929	NA	TRUE	NA	NA	NA	NA	NA
ENSG00000136492	NA	TRUE	NA	NA	NA	TRUE	NA
ENSG00000137193	NA	TRUE	NA	NA	TRUE	TRUE	NA
ENSG00000137265	NA	TRUE	NA	NA	NA	TRUE	NA
ENSG00000137394	NA	TRUE	TRUE	NA	NA	NA	NA
ENSG00000137558	NA	TRUE	NA	NA	NA	NA	NA
ENSG00000137571	NA	TRUE	NA	NA	NA	NA	NA
ENSG00000137801	NA	TRUE	NA	NA	TRUE	NA	NA
ENSG00000138061	NA	TRUE	NA	NA	NA	NA	NA
ENSG00000138795	NA	TRUE	NA	NA	NA	TRUE	NA
ENSG00000138829	NA	TRUE	NA	NA	NA	NA	NA
ENSG00000139083	NA	TRUE	NA	NA	NA	TRUE	NA
ENSG00000140287	NA	TRUE	NA	NA	NA	NA	NA
ENSG00000140968	NA	TRUE	TRUE	NA	NA	TRUE	NA
ENSG00000142192	NA	TRUE	TRUE	NA	NA	NA	NA
ENSG00000142611	NA	TRUE	NA	NA	NA	TRUE	NA
ENSG00000143126	NA	TRUE	NA	NA	NA	TRUE	NA
ENSG00000143341	NA	TRUE	NA	NA	NA	TRUE	NA
ENSG00000143416	NA	TRUE	NA	NA	NA	NA	NA
ENSG00000143627	NA	TRUE	NA	NA	NA	NA	NA
ENSG00000143776	NA	TRUE	NA	NA	TRUE	NA	NA
ENSG00000143995	NA	TRUE	TRUE	NA	NA	NA	NA
ENSG00000145113	NA	TRUE	NA	NA	NA	TRUE	NA
ENSG00000145358	NA	TRUE	NA	NA	NA	NA	NA
ENSG00000146530	NA	TRUE	NA	NA	NA	NA	NA
ENSG00000147180	NA	TRUE	TRUE	NA	NA	NA	NA
ENSG00000147488	NA	TRUE	NA	NA	NA	NA	NA
ENSG00000148346	NA	TRUE	NA	NA	NA	NA	NA
ENSG00000148468	NA	TRUE	NA	NA	NA	NA	NA
ENSG00000148488	NA	TRUE	NA	NA	NA	TRUE	NA
ENSG00000148498	NA	TRUE	NA	NA	NA	TRUE	NA
ENSG00000149177	NA	TRUE	NA	NA	NA	TRUE	NA
ENSG00000149948	NA	TRUE	NA	NA	NA	NA	NA
ENSG00000150471	NA	TRUE	NA	NA	NA	NA	NA
ENSG00000150760	NA	TRUE	NA	NA	NA	NA	NA
ENSG00000151948	NA	TRUE	NA	NA	NA	NA	NA
ENSG00000152078	NA	TRUE	NA	NA	NA	NA	NA
ENSG00000152192	NA	TRUE	TRUE	NA	NA	NA	NA
ENSG00000152217	NA	TRUE	NA	NA	NA	TRUE	NA
ENSG00000152580	NA	TRUE	NA	NA	NA	NA	NA
ENSG00000152661	NA	TRUE	NA	NA	NA	NA	NA
ENSG00000154188	NA	TRUE	NA	NA	NA	NA	NA
ENSG00000154240	NA	TRUE	NA	NA	NA	TRUE	NA
ENSG00000154783	NA	TRUE	NA	NA	NA	NA	NA
ENSG00000154839	NA	TRUE	NA	NA	NA	TRUE	NA
ENSG00000154864	NA	TRUE	NA	NA	NA	NA	NA
ENSG00000155657	NA	TRUE	NA	NA	NA	TRUE	NA
ENSG00000156298	NA	TRUE	NA	NA	NA	NA	NA
ENSG00000156575	NA	TRUE	NA	NA	NA	NA	NA
ENSG00000157110	NA	TRUE	NA	NA	NA	NA	NA
ENSG00000157554	NA	TRUE	NA	NA	TRUE	TRUE	NA
ENSG00000157873	NA	TRUE	NA	NA	NA	TRUE	NA
ENSG00000158023	NA	TRUE	NA	NA	NA	TRUE	NA
ENSG00000158258	NA	TRUE	NA	NA	NA	NA	NA
ENSG00000158352	NA	TRUE	NA	NA	NA	NA	NA
ENSG00000158578	NA	TRUE	NA	NA	NA	NA	NA
ENSG00000159189	NA	TRUE	NA	NA	NA	NA	NA
ENSG00000162367	NA	TRUE	TRUE	NA	NA	TRUE	NA
ENSG00000162747	NA	TRUE	NA	NA	NA	NA	NA
ENSG00000162946	NA	TRUE	NA	NA	NA	TRUE	NA
ENSG00000163106	NA	TRUE	NA	NA	NA	NA	NA
ENSG00000163221	NA	TRUE	NA	NA	NA	NA	NA
ENSG00000163710	NA	TRUE	NA	NA	NA	NA	NA
ENSG00000163736	NA	TRUE	NA	NA	NA	NA	NA
ENSG00000163737	NA	TRUE	NA	NA	NA	NA	NA
ENSG00000163751	NA	TRUE	NA	NA	NA	NA	NA
ENSG00000164047	NA	TRUE	NA	NA	NA	NA	NA
ENSG00000164136	NA	TRUE	NA	NA	TRUE	TRUE	NA
ENSG00000164821	NA	TRUE	NA	NA	NA	NA	NA
ENSG00000164825	NA	TRUE	NA	NA	NA	NA	NA
ENSG00000164929	NA	TRUE	NA	NA	NA	TRUE	NA
ENSG00000165072	NA	TRUE	NA	NA	NA	NA	NA
ENSG00000165300	NA	TRUE	NA	NA	NA	NA	NA
ENSG00000167210	NA	TRUE	NA	NA	NA	NA	NA
ENSG00000167232	NA	TRUE	NA	NA	NA	TRUE	NA
ENSG00000167880	NA	TRUE	NA	NA	NA	NA	NA
ENSG00000168077	NA	TRUE	NA	NA	NA	NA	NA
ENSG00000168298	NA	TRUE	NA	NA	NA	TRUE	NA
ENSG00000168329	NA	TRUE	NA	NA	NA	NA	NA
ENSG00000168702	NA	TRUE	NA	NA	NA	TRUE	NA
ENSG00000168754	NA	TRUE	NA	NA	NA	NA	NA
ENSG00000169083	NA	TRUE	NA	NA	NA	NA	NA
ENSG00000169184	NA	TRUE	NA	NA	NA	TRUE	NA
ENSG00000169224	NA	TRUE	NA	NA	NA	TRUE	NA
ENSG00000169432	NA	TRUE	NA	NA	NA	NA	NA
ENSG00000169439	NA	TRUE	NA	NA	NA	NA	NA
ENSG00000169855	NA	TRUE	NA	NA	NA	NA	NA
ENSG00000169877	NA	TRUE	NA	NA	NA	NA	NA
ENSG00000169908	NA	TRUE	NA	NA	NA	NA	NA
ENSG00000170011	NA	TRUE	NA	NA	NA	TRUE	NA
ENSG00000170180	NA	TRUE	NA	NA	NA	NA	NA
ENSG00000170558	NA	TRUE	NA	NA	NA	NA	NA
ENSG00000170627	NA	TRUE	NA	NA	NA	NA	NA
ENSG00000170689	NA	TRUE	NA	NA	NA	NA	NA
ENSG00000170893	NA	TRUE	NA	NA	NA	NA	NA
ENSG00000171509	NA	TRUE	NA	NA	NA	NA	NA
ENSG00000171914	NA	TRUE	NA	NA	NA	TRUE	NA
ENSG00000172037	NA	TRUE	NA	NA	NA	NA	NA
ENSG00000172236	NA	TRUE	NA	NA	NA	NA	NA
ENSG00000172817	NA	TRUE	NA	NA	NA	NA	NA
ENSG00000172995	NA	TRUE	NA	NA	NA	NA	NA
ENSG00000173369	NA	TRUE	NA	NA	NA	NA	NA
ENSG00000173372	NA	TRUE	NA	NA	NA	NA	NA
ENSG00000173546	NA	TRUE	NA	NA	NA	NA	NA
ENSG00000173917	NA	TRUE	NA	NA	NA	NA	NA
ENSG00000174059	NA	TRUE	NA	NA	NA	NA	NA
ENSG00000174403	NA	TRUE	NA	NA	NA	NA	NA
ENSG00000175164	NA	TRUE	NA	NA	NA	NA	NA
ENSG00000175497	NA	TRUE	NA	NA	NA	NA	NA
ENSG00000176076	NA	TRUE	NA	NA	NA	NA	NA
ENSG00000176728	NA	TRUE	NA	NA	NA	NA	NA
ENSG00000176842	NA	TRUE	NA	NA	NA	NA	NA
ENSG00000177133	NA	TRUE	NA	NA	NA	NA	NA
ENSG00000177425	NA	TRUE	NA	NA	NA	NA	NA
ENSG00000177469	NA	TRUE	NA	NA	NA	NA	NA
ENSG00000177508	NA	TRUE	TRUE	NA	NA	NA	NA
ENSG00000177575	NA	TRUE	NA	NA	NA	NA	NA
ENSG00000178053	NA	TRUE	NA	NA	NA	TRUE	NA
ENSG00000179097	NA	TRUE	NA	NA	NA	NA	NA
ENSG00000179242	NA	TRUE	NA	NA	NA	NA	NA
ENSG00000179348	NA	TRUE	TRUE	NA	TRUE	TRUE	NA
ENSG00000179455	NA	TRUE	NA	NA	NA	NA	NA
ENSG00000179542	NA	TRUE	NA	NA	NA	NA	NA
ENSG00000180044	NA	TRUE	NA	NA	NA	NA	NA
ENSG00000180592	NA	TRUE	NA	NA	NA	NA	NA
ENSG00000180644	NA	TRUE	NA	NA	NA	TRUE	NA
ENSG00000181143	NA	TRUE	NA	NA	NA	TRUE	NA
ENSG00000181433	NA	TRUE	NA	NA	NA	NA	NA
ENSG00000182636	NA	TRUE	NA	NA	NA	NA	NA
ENSG00000182742	NA	TRUE	NA	NA	NA	NA	NA
ENSG00000183098	NA	TRUE	NA	NA	NA	NA	NA
ENSG00000183161	NA	TRUE	NA	NA	NA	TRUE	NA
ENSG00000183166	NA	TRUE	NA	NA	NA	NA	NA
ENSG00000183853	NA	TRUE	NA	NA	NA	NA	NA
ENSG00000183878	NA	TRUE	NA	NA	NA	NA	NA
ENSG00000184005	NA	TRUE	NA	NA	NA	TRUE	NA
ENSG00000184292	NA	TRUE	NA	NA	NA	NA	NA
ENSG00000184384	NA	TRUE	NA	NA	NA	TRUE	NA
ENSG00000184588	NA	TRUE	NA	NA	NA	TRUE	NA
ENSG00000185559	NA	TRUE	NA	NA	NA	NA	NA
ENSG00000185630	NA	TRUE	NA	NA	NA	NA	NA
ENSG00000185686	NA	TRUE	NA	NA	NA	NA	NA
ENSG00000186716	NA	TRUE	NA	NA	TRUE	TRUE	NA
ENSG00000186818	NA	TRUE	NA	NA	NA	NA	NA
ENSG00000187837	NA	TRUE	NA	NA	NA	TRUE	NA
ENSG00000188153	NA	TRUE	NA	NA	NA	NA	NA
ENSG00000188536	NA	TRUE	NA	NA	NA	NA	NA
ENSG00000188643	NA	TRUE	NA	NA	NA	NA	NA
ENSG00000188848	NA	TRUE	NA	NA	NA	NA	NA
ENSG00000189056	NA	TRUE	NA	NA	NA	TRUE	NA
ENSG00000189223	NA	TRUE	NA	NA	NA	NA	NA
ENSG00000196141	NA	TRUE	NA	NA	NA	TRUE	NA
ENSG00000196218	NA	TRUE	NA	NA	NA	TRUE	NA
ENSG00000196415	NA	TRUE	NA	NA	NA	NA	NA
ENSG00000196549	NA	TRUE	NA	NA	NA	NA	NA
ENSG00000196565	NA	TRUE	NA	NA	NA	NA	NA
ENSG00000196914	NA	TRUE	NA	NA	NA	TRUE	NA
ENSG00000197253	NA	TRUE	NA	NA	NA	NA	NA
ENSG00000197561	NA	TRUE	NA	NA	TRUE	NA	NA
ENSG00000197629	NA	TRUE	NA	NA	NA	NA	NA
ENSG00000197632	NA	TRUE	NA	NA	NA	NA	NA
ENSG00000198046	NA	TRUE	NA	NA	NA	NA	NA
ENSG00000198286	NA	TRUE	NA	NA	NA	TRUE	NA
ENSG00000198626	NA	TRUE	NA	NA	NA	TRUE	NA
ENSG00000198680	NA	TRUE	NA	NA	NA	NA	NA
ENSG00000198692	NA	TRUE	NA	NA	NA	NA	NA
ENSG00000198795	NA	TRUE	TRUE	NA	NA	NA	NA
ENSG00000198848	NA	TRUE	NA	NA	NA	NA	NA
ENSG00000198947	NA	TRUE	NA	NA	NA	TRUE	NA
ENSG00000204103	NA	TRUE	TRUE	NA	NA	NA	NA
ENSG00000204613	NA	TRUE	TRUE	NA	NA	NA	NA
ENSG00000204644	NA	TRUE	NA	NA	NA	NA	NA
ENSG00000204682	NA	TRUE	NA	NA	NA	NA	NA
ENSG00000204936	NA	TRUE	NA	NA	NA	NA	NA
ENSG00000205755	NA	TRUE	NA	NA	NA	TRUE	NA
ENSG00000206047	NA	TRUE	NA	NA	NA	NA	NA
ENSG00000206172	NA	TRUE	NA	NA	NA	NA	NA
ENSG00000206177	NA	TRUE	NA	NA	NA	NA	NA
ENSG00000206510	NA	TRUE	NA	NA	NA	NA	NA
ENSG00000211892	NA	TRUE	NA	NA	NA	NA	NA
ENSG00000211893	NA	TRUE	NA	NA	NA	NA	NA
ENSG00000211895	NA	TRUE	NA	NA	NA	NA	NA
ENSG00000211896	NA	TRUE	NA	NA	NA	NA	NA
ENSG00000213934	NA	TRUE	NA	NA	NA	NA	NA
ENSG00000214548	NA	TRUE	NA	NA	NA	NA	NA
ENSG00000223609	NA	TRUE	NA	NA	NA	NA	NA
ENSG00000223852	NA	TRUE	NA	NA	NA	NA	NA
ENSG00000223858	NA	TRUE	NA	NA	NA	NA	NA
ENSG00000224739	NA	TRUE	NA	NA	NA	NA	NA
ENSG00000225231	NA	TRUE	NA	NA	NA	NA	NA
ENSG00000226858	NA	TRUE	NA	NA	NA	NA	NA
ENSG00000227472	NA	TRUE	TRUE	NA	NA	NA	NA
ENSG00000227502	NA	TRUE	NA	NA	NA	NA	NA
ENSG00000227858	NA	TRUE	NA	NA	NA	NA	NA
ENSG00000229346	NA	TRUE	TRUE	NA	NA	NA	NA
ENSG00000229381	NA	TRUE	TRUE	NA	NA	NA	NA
ENSG00000229425	NA	TRUE	NA	NA	NA	NA	NA
ENSG00000229807	NA	TRUE	NA	NA	NA	NA	NA
ENSG00000231535	NA	TRUE	NA	NA	NA	NA	NA
ENSG00000232099	NA	TRUE	NA	NA	NA	NA	NA
ENSG00000232682	NA	TRUE	NA	NA	NA	NA	NA
ENSG00000233101	NA	TRUE	NA	NA	NA	NA	NA
ENSG00000233392	NA	TRUE	NA	NA	NA	NA	NA
ENSG00000233864	NA	TRUE	NA	NA	NA	NA	NA
ENSG00000233968	NA	TRUE	NA	NA	NA	NA	NA
ENSG00000234456	NA	TRUE	NA	NA	NA	NA	NA
ENSG00000234669	NA	TRUE	NA	NA	NA	NA	NA
ENSG00000235025	NA	TRUE	TRUE	NA	NA	NA	NA
ENSG00000237192	NA	TRUE	TRUE	NA	NA	NA	NA
ENSG00000237703	NA	TRUE	TRUE	NA	NA	NA	NA
ENSG00000239839	NA	TRUE	NA	NA	NA	NA	NA
ENSG00000240247	NA	TRUE	NA	NA	NA	NA	NA
ENSG00000240990	NA	TRUE	NA	NA	NA	NA	NA
ENSG00000241859	NA	TRUE	NA	NA	NA	NA	NA
ENSG00000241911	NA	TRUE	NA	NA	NA	NA	NA
ENSG00000243478	NA	TRUE	NA	NA	NA	NA	NA
ENSG00000244040	NA	TRUE	NA	NA	NA	NA	NA
ENSG00000244734	NA	TRUE	NA	NA	NA	NA	NA
ENSG00000250696	NA	TRUE	NA	NA	NA	NA	NA
ENSG00000250722	NA	TRUE	NA	NA	NA	NA	NA
ENSG00000253187	NA	TRUE	NA	NA	NA	NA	NA
ENSG00000253293	NA	TRUE	NA	NA	NA	NA	NA
ENSG00000253625	NA	TRUE	NA	NA	NA	NA	NA
ENSG00000253755	NA	TRUE	NA	NA	NA	NA	NA
ENSG00000255833	NA	TRUE	NA	NA	NA	NA	NA
ENSG00000257582	NA	TRUE	NA	NA	NA	NA	NA
ENSG00000257654	NA	TRUE	NA	NA	NA	NA	NA
ENSG00000257883	NA	TRUE	NA	NA	NA	NA	NA
ENSG00000258102	NA	TRUE	NA	NA	NA	TRUE	NA
ENSG00000259207	NA	TRUE	NA	NA	NA	NA	NA
ENSG00000260197	NA	TRUE	NA	NA	NA	NA	NA
ENSG00000262243	NA	TRUE	NA	NA	NA	NA	NA
ENSG00000262634	NA	TRUE	NA	NA	NA	TRUE	NA
ENSG00000262785	NA	TRUE	NA	NA	NA	NA	NA
ENSG00000265369	NA	TRUE	NA	NA	NA	NA	NA
ENSG00000267453	NA	TRUE	NA	NA	NA	NA	NA
ENSG00000268433	NA	TRUE	NA	NA	NA	NA	NA
ENSG00000268555	NA	TRUE	NA	NA	NA	NA	NA
ENSG00000273822	NA	TRUE	NA	NA	NA	TRUE	NA
ENSG00000273936	NA	TRUE	NA	NA	NA	TRUE	NA
ENSG00000273984	NA	TRUE	NA	NA	NA	TRUE	NA
ENSG00000274137	NA	TRUE	NA	NA	NA	TRUE	NA
ENSG00000274497	NA	TRUE	NA	NA	NA	NA	NA
ENSG00000275013	NA	TRUE	NA	NA	NA	NA	NA
ENSG00000275164	NA	TRUE	NA	NA	NA	TRUE	NA
ENSG00000275730	NA	TRUE	NA	NA	NA	NA	NA
ENSG00000276042	NA	TRUE	NA	NA	NA	NA	NA
ENSG00000276613	NA	TRUE	NA	NA	NA	TRUE	NA
ENSG00000277016	NA	TRUE	NA	NA	NA	NA	NA
ENSG00000277571	NA	TRUE	NA	NA	TRUE	NA	NA
ENSG00000277585	NA	TRUE	NA	NA	NA	TRUE	NA
ENSG00000277633	NA	TRUE	NA	NA	NA	NA	NA
ENSG00000277804	NA	TRUE	NA	NA	NA	NA	NA
ENSG00000278279	NA	TRUE	NA	NA	NA	NA	NA
ENSG00000278303	NA	TRUE	NA	NA	NA	TRUE	NA
ENSG00000278468	NA	TRUE	NA	NA	NA	TRUE	NA
ENSG00000278555	NA	TRUE	NA	NA	NA	NA	NA
ENSG00000278608	NA	TRUE	NA	NA	NA	NA	NA
ENSG00000280641	NA	TRUE	NA	NA	NA	NA	NA
ENSG00000281879	NA	TRUE	NA	NA	NA	NA	NA
ENSG00000282047	NA	TRUE	NA	NA	NA	NA	NA
ENSG00000282093	NA	TRUE	NA	NA	NA	NA	NA
ENSG00000282094	NA	TRUE	NA	NA	NA	NA	NA
ENSG00000282633	NA	TRUE	NA	NA	NA	NA	NA
ENSG00000282838	NA	TRUE	NA	NA	NA	NA	NA
ENSG00000283060	NA	TRUE	NA	NA	NA	TRUE	NA
ENSG00000283802	NA	TRUE	NA	NA	NA	NA	NA
ENSG00000172794	NA	NA	TRUE	NA	NA	NA	NA
ENSG00000069974	NA	NA	TRUE	NA	NA	NA	NA
ENSG00000147394	NA	NA	TRUE	NA	NA	NA	NA
ENSG00000116679	NA	NA	TRUE	NA	NA	NA	NA
ENSG00000134242	NA	NA	TRUE	NA	NA	NA	NA
ENSG00000164649	NA	NA	TRUE	NA	NA	NA	NA
ENSG00000113269	NA	NA	TRUE	NA	NA	NA	NA
ENSG00000138772	NA	NA	TRUE	NA	NA	NA	NA
ENSG00000149091	NA	NA	TRUE	NA	NA	NA	NA
ENSG00000123349	NA	NA	TRUE	NA	NA	NA	NA
ENSG00000027075	NA	NA	TRUE	TRUE	TRUE	NA	TRUE
ENSG00000149273	NA	NA	TRUE	NA	NA	NA	NA
ENSG00000107223	NA	NA	TRUE	NA	NA	NA	NA
ENSG00000165672	NA	NA	TRUE	NA	NA	NA	NA
ENSG00000165732	NA	NA	TRUE	NA	NA	NA	NA
ENSG00000164587	NA	NA	TRUE	NA	NA	NA	NA
ENSG00000158825	NA	NA	TRUE	NA	TRUE	NA	NA
ENSG00000118508	NA	NA	TRUE	NA	NA	NA	NA
ENSG00000135486	NA	NA	TRUE	NA	NA	NA	NA
ENSG00000157259	NA	NA	TRUE	NA	NA	NA	NA
ENSG00000145741	NA	NA	TRUE	NA	NA	NA	NA
ENSG00000074800	NA	NA	TRUE	NA	NA	NA	NA
ENSG00000147649	NA	NA	TRUE	NA	NA	NA	NA
ENSG00000089094	NA	NA	TRUE	NA	NA	NA	NA
ENSG00000174282	NA	NA	TRUE	NA	NA	NA	NA
ENSG00000283868	NA	NA	TRUE	NA	NA	NA	NA
ENSG00000196924	NA	NA	TRUE	NA	NA	NA	NA
ENSG00000166946	NA	NA	TRUE	NA	NA	NA	NA
ENSG00000162676	NA	NA	TRUE	NA	NA	NA	NA
ENSG00000104897	NA	NA	TRUE	NA	NA	NA	NA
ENSG00000144354	NA	NA	TRUE	NA	NA	NA	NA
ENSG00000104231	NA	NA	TRUE	NA	NA	NA	NA
ENSG00000171604	NA	NA	TRUE	NA	NA	NA	NA
ENSG00000089902	NA	NA	TRUE	NA	NA	NA	NA
ENSG00000102317	NA	NA	TRUE	NA	NA	NA	NA
ENSG00000123562	NA	NA	TRUE	NA	NA	NA	NA
ENSG00000198839	NA	NA	TRUE	NA	NA	NA	NA
ENSG00000162722	NA	NA	TRUE	NA	NA	NA	NA
ENSG00000101695	NA	NA	TRUE	NA	NA	NA	NA
ENSG00000147905	NA	NA	TRUE	NA	NA	NA	NA
ENSG00000150907	NA	NA	TRUE	NA	NA	NA	NA
ENSG00000133606	NA	NA	TRUE	NA	NA	NA	NA
ENSG00000115415	NA	NA	TRUE	NA	NA	NA	NA
ENSG00000213190	NA	NA	TRUE	NA	NA	NA	NA
ENSG00000125249	NA	NA	TRUE	NA	NA	NA	NA
ENSG00000167984	NA	NA	TRUE	NA	NA	NA	NA
ENSG00000014824	NA	NA	TRUE	NA	NA	NA	NA
ENSG00000145088	NA	NA	TRUE	NA	NA	NA	NA
ENSG00000186918	NA	NA	TRUE	NA	NA	NA	NA
ENSG00000163565	NA	NA	TRUE	NA	NA	NA	NA
ENSG00000215021	NA	NA	TRUE	NA	NA	NA	NA
ENSG00000103490	NA	NA	TRUE	NA	NA	NA	NA
ENSG00000179222	NA	NA	TRUE	NA	NA	NA	NA
ENSG00000166454	NA	NA	TRUE	NA	NA	NA	NA
ENSG00000177030	NA	NA	TRUE	NA	NA	NA	NA
ENSG00000282712	NA	NA	TRUE	NA	NA	NA	NA
ENSG00000169976	NA	NA	TRUE	NA	NA	NA	NA
ENSG00000166501	NA	NA	TRUE	TRUE	TRUE	NA	TRUE
ENSG00000151702	NA	NA	TRUE	NA	NA	NA	NA
ENSG00000145391	NA	NA	TRUE	NA	NA	NA	NA
ENSG00000077097	NA	NA	TRUE	NA	NA	NA	NA
ENSG00000100219	NA	NA	TRUE	NA	NA	NA	NA
ENSG00000170881	NA	NA	TRUE	NA	NA	NA	NA
ENSG00000111670	NA	NA	TRUE	NA	NA	NA	NA
ENSG00000132819	NA	NA	TRUE	NA	NA	NA	NA
ENSG00000196757	NA	NA	TRUE	NA	NA	NA	NA
ENSG00000096063	NA	NA	TRUE	NA	TRUE	NA	NA
ENSG00000141480	NA	NA	TRUE	NA	NA	NA	NA
ENSG00000182158	NA	NA	TRUE	NA	NA	NA	NA
ENSG00000100711	NA	NA	TRUE	NA	NA	NA	NA
ENSG00000155508	NA	NA	TRUE	NA	NA	NA	NA
ENSG00000108518	NA	NA	TRUE	NA	NA	NA	NA
ENSG00000114738	NA	NA	TRUE	NA	NA	NA	NA
ENSG00000162961	NA	NA	TRUE	NA	NA	NA	NA
ENSG00000103653	NA	NA	TRUE	NA	TRUE	NA	NA
ENSG00000196511	NA	NA	TRUE	NA	NA	NA	NA
ENSG00000124766	NA	NA	TRUE	NA	NA	NA	NA
ENSG00000125743	NA	NA	TRUE	NA	NA	NA	NA
ENSG00000105967	NA	NA	TRUE	NA	NA	NA	NA
ENSG00000088205	NA	NA	TRUE	NA	NA	NA	NA
ENSG00000123405	NA	NA	TRUE	NA	NA	NA	NA
ENSG00000213782	NA	NA	TRUE	NA	NA	NA	NA
ENSG00000168610	NA	NA	TRUE	NA	TRUE	TRUE	NA
ENSG00000149485	NA	NA	TRUE	NA	NA	NA	NA
ENSG00000068024	NA	NA	TRUE	TRUE	TRUE	NA	NA
ENSG00000134954	NA	NA	TRUE	NA	NA	NA	NA
ENSG00000144744	NA	NA	TRUE	NA	NA	NA	NA
ENSG00000006451	NA	NA	TRUE	NA	NA	NA	NA
ENSG00000105610	NA	NA	TRUE	NA	NA	NA	NA
ENSG00000167081	NA	NA	TRUE	NA	NA	NA	NA
ENSG00000133142	NA	NA	TRUE	NA	NA	NA	NA
ENSG00000168264	NA	NA	TRUE	NA	NA	NA	NA
ENSG00000116030	NA	NA	TRUE	NA	NA	NA	NA
ENSG00000112062	NA	NA	TRUE	TRUE	TRUE	NA	TRUE
ENSG00000088930	NA	NA	TRUE	NA	NA	NA	NA
ENSG00000167797	NA	NA	TRUE	NA	NA	NA	NA
ENSG00000106948	NA	NA	TRUE	NA	NA	NA	NA
ENSG00000177311	NA	NA	TRUE	NA	NA	NA	NA
ENSG00000167815	NA	NA	TRUE	NA	NA	NA	NA
ENSG00000163882	NA	NA	TRUE	NA	NA	NA	NA
ENSG00000099817	NA	NA	TRUE	NA	NA	NA	NA
ENSG00000065675	NA	NA	TRUE	TRUE	TRUE	NA	TRUE
ENSG00000020633	NA	NA	TRUE	NA	NA	NA	NA
ENSG00000173757	NA	NA	TRUE	NA	TRUE	TRUE	NA
ENSG00000131747	NA	NA	TRUE	NA	NA	NA	NA
ENSG00000104903	NA	NA	TRUE	NA	NA	NA	NA
ENSG00000204435	NA	NA	TRUE	NA	TRUE	NA	NA
ENSG00000206406	NA	NA	TRUE	NA	TRUE	NA	NA
ENSG00000224398	NA	NA	TRUE	NA	TRUE	NA	NA
ENSG00000224774	NA	NA	TRUE	NA	TRUE	NA	NA
ENSG00000228875	NA	NA	TRUE	NA	TRUE	NA	NA
ENSG00000230700	NA	NA	TRUE	NA	TRUE	NA	NA
ENSG00000232960	NA	NA	TRUE	NA	TRUE	NA	NA
ENSG00000121022	NA	NA	TRUE	NA	NA	NA	NA
ENSG00000180628	NA	NA	TRUE	NA	NA	NA	NA
ENSG00000088305	NA	NA	TRUE	NA	NA	NA	NA
ENSG00000069667	NA	NA	TRUE	NA	NA	NA	NA
ENSG00000163932	NA	NA	TRUE	TRUE	TRUE	NA	TRUE
ENSG00000034152	NA	NA	TRUE	NA	TRUE	NA	NA
ENSG00000178764	NA	NA	TRUE	NA	NA	NA	NA
ENSG00000114166	NA	NA	TRUE	NA	NA	NA	NA
ENSG00000266173	NA	NA	TRUE	NA	NA	NA	NA
ENSG00000055118	NA	NA	TRUE	NA	TRUE	NA	NA
ENSG00000176102	NA	NA	TRUE	NA	NA	NA	NA
ENSG00000113712	NA	NA	TRUE	NA	TRUE	NA	NA
ENSG00000163346	NA	NA	TRUE	NA	NA	NA	NA
ENSG00000135899	NA	NA	TRUE	NA	NA	NA	NA
ENSG00000110768	NA	NA	TRUE	NA	NA	NA	NA
ENSG00000109113	NA	NA	TRUE	NA	NA	NA	NA
ENSG00000143162	NA	NA	TRUE	NA	NA	NA	NA
ENSG00000109320	NA	NA	TRUE	NA	TRUE	NA	NA
ENSG00000102144	NA	NA	TRUE	NA	NA	NA	NA
ENSG00000163867	NA	NA	TRUE	NA	NA	NA	NA
ENSG00000185187	NA	NA	TRUE	NA	NA	NA	NA
ENSG00000177853	NA	NA	TRUE	NA	NA	NA	NA
ENSG00000132510	NA	NA	TRUE	NA	NA	NA	NA
ENSG00000112200	NA	NA	TRUE	NA	NA	NA	NA
ENSG00000082996	NA	NA	TRUE	NA	NA	NA	NA
ENSG00000011304	NA	NA	TRUE	NA	NA	NA	NA
ENSG00000118985	NA	NA	TRUE	NA	NA	NA	NA
ENSG00000146463	NA	NA	TRUE	NA	NA	NA	NA
ENSG00000130520	NA	NA	TRUE	NA	NA	NA	NA
ENSG00000005810	NA	NA	TRUE	NA	NA	NA	NA
ENSG00000104973	NA	NA	TRUE	NA	NA	NA	NA
ENSG00000166228	NA	NA	TRUE	NA	NA	NA	NA
ENSG00000059728	NA	NA	TRUE	NA	NA	NA	NA
ENSG00000138794	NA	NA	TRUE	NA	NA	NA	NA
ENSG00000170144	NA	NA	TRUE	NA	NA	NA	NA
ENSG00000130741	NA	NA	TRUE	NA	NA	NA	NA
ENSG00000166337	NA	NA	TRUE	NA	NA	NA	NA
ENSG00000108848	NA	NA	TRUE	NA	NA	NA	NA
ENSG00000108799	NA	NA	TRUE	NA	NA	NA	NA
ENSG00000112576	NA	NA	TRUE	NA	TRUE	TRUE	NA
ENSG00000144560	NA	NA	TRUE	NA	NA	NA	NA
ENSG00000127663	NA	NA	TRUE	NA	NA	NA	NA
ENSG00000111725	NA	NA	TRUE	NA	TRUE	NA	NA
ENSG00000156802	NA	NA	TRUE	NA	NA	NA	NA
ENSG00000144677	NA	NA	TRUE	NA	NA	NA	NA
ENSG00000137462	NA	NA	TRUE	NA	NA	NA	NA
ENSG00000186010	NA	NA	TRUE	NA	NA	NA	NA
ENSG00000141968	NA	NA	TRUE	NA	NA	NA	NA
ENSG00000110321	NA	NA	TRUE	NA	NA	NA	NA
ENSG00000130449	NA	NA	TRUE	NA	NA	NA	NA
ENSG00000106355	NA	NA	TRUE	NA	NA	NA	NA
ENSG00000170891	NA	NA	TRUE	NA	NA	NA	NA
ENSG00000119138	NA	NA	TRUE	NA	NA	NA	NA
ENSG00000183207	NA	NA	TRUE	NA	NA	NA	NA
ENSG00000136451	NA	NA	TRUE	NA	NA	NA	NA
ENSG00000125877	NA	NA	TRUE	NA	NA	NA	NA
ENSG00000177105	NA	NA	TRUE	NA	NA	NA	NA
ENSG00000125835	NA	NA	TRUE	NA	NA	NA	NA
ENSG00000105329	NA	NA	TRUE	NA	NA	NA	NA
ENSG00000116747	NA	NA	TRUE	NA	NA	NA	NA
ENSG00000001084	NA	NA	TRUE	NA	NA	NA	NA
ENSG00000230989	NA	NA	TRUE	NA	NA	NA	NA
ENSG00000196730	NA	NA	TRUE	NA	TRUE	NA	NA
ENSG00000145687	NA	NA	TRUE	NA	NA	NA	NA
ENSG00000120963	NA	NA	TRUE	NA	NA	NA	NA
ENSG00000101040	NA	NA	TRUE	NA	NA	NA	NA
ENSG00000273611	NA	NA	TRUE	NA	NA	NA	NA
ENSG00000278574	NA	NA	TRUE	NA	NA	NA	NA
ENSG00000158828	NA	NA	TRUE	NA	NA	NA	NA
ENSG00000125686	NA	NA	TRUE	NA	NA	NA	NA
ENSG00000082014	NA	NA	TRUE	NA	NA	NA	NA
ENSG00000163349	NA	NA	TRUE	NA	NA	NA	NA
ENSG00000197157	NA	NA	TRUE	NA	NA	NA	NA
ENSG00000070444	NA	NA	TRUE	NA	NA	NA	NA
ENSG00000123609	NA	NA	TRUE	NA	NA	NA	NA
ENSG00000122566	NA	NA	TRUE	NA	NA	NA	NA
ENSG00000163634	NA	NA	TRUE	NA	NA	NA	NA
ENSG00000146007	NA	NA	TRUE	NA	NA	NA	NA
ENSG00000104964	NA	NA	TRUE	NA	NA	NA	NA
ENSG00000168461	NA	NA	TRUE	NA	NA	NA	NA
ENSG00000100462	NA	NA	TRUE	NA	NA	NA	NA
ENSG00000177731	NA	NA	TRUE	NA	NA	NA	NA
ENSG00000284571	NA	NA	TRUE	NA	NA	NA	NA
ENSG00000148572	NA	NA	TRUE	NA	NA	NA	NA
ENSG00000074319	NA	NA	TRUE	NA	NA	NA	NA
ENSG00000165156	NA	NA	TRUE	NA	NA	NA	NA
ENSG00000169554	NA	NA	TRUE	NA	NA	NA	NA
ENSG00000221869	NA	NA	TRUE	NA	NA	NA	NA
ENSG00000111540	NA	NA	TRUE	NA	NA	NA	NA
ENSG00000164924	NA	NA	TRUE	NA	NA	NA	NA
ENSG00000085449	NA	NA	TRUE	NA	NA	NA	NA
ENSG00000157657	NA	NA	TRUE	NA	NA	NA	NA
ENSG00000136518	NA	NA	TRUE	NA	NA	NA	NA
ENSG00000160710	NA	NA	TRUE	NA	NA	NA	NA
ENSG00000100811	NA	NA	TRUE	NA	NA	NA	NA
ENSG00000113558	NA	NA	TRUE	NA	NA	NA	NA
ENSG00000165702	NA	NA	TRUE	NA	NA	NA	NA
ENSG00000166484	NA	NA	TRUE	NA	TRUE	NA	NA
ENSG00000113387	NA	NA	TRUE	NA	NA	NA	NA
ENSG00000167333	NA	NA	TRUE	NA	NA	NA	NA
ENSG00000187840	NA	NA	TRUE	NA	NA	NA	NA
ENSG00000266412	NA	NA	TRUE	NA	NA	NA	NA
ENSG00000140395	NA	NA	TRUE	NA	NA	NA	NA
ENSG00000143321	NA	NA	TRUE	NA	NA	NA	NA
ENSG00000178105	NA	NA	TRUE	NA	NA	TRUE	NA
ENSG00000005700	NA	NA	TRUE	NA	NA	NA	NA
ENSG00000283068	NA	NA	TRUE	NA	NA	NA	NA
ENSG00000143164	NA	NA	TRUE	NA	NA	NA	NA
ENSG00000180370	NA	NA	TRUE	NA	TRUE	NA	NA
ENSG00000153250	NA	NA	TRUE	NA	NA	NA	NA
ENSG00000198646	NA	NA	TRUE	NA	NA	NA	NA
ENSG00000109111	NA	NA	TRUE	NA	NA	NA	NA
ENSG00000067182	NA	NA	TRUE	NA	NA	NA	NA
ENSG00000116478	NA	NA	TRUE	TRUE	TRUE	NA	NA
ENSG00000198604	NA	NA	TRUE	NA	NA	NA	NA
ENSG00000187098	NA	NA	TRUE	NA	TRUE	NA	NA
ENSG00000075426	NA	NA	TRUE	NA	NA	NA	NA
ENSG00000198265	NA	NA	TRUE	NA	NA	NA	NA
ENSG00000100644	NA	NA	TRUE	NA	NA	NA	NA
ENSG00000149269	NA	NA	TRUE	NA	TRUE	NA	NA
ENSG00000105993	NA	NA	TRUE	NA	NA	NA	NA
ENSG00000138073	NA	NA	TRUE	NA	NA	NA	NA
ENSG00000243667	NA	NA	TRUE	NA	NA	NA	NA
ENSG00000175792	NA	NA	TRUE	NA	NA	NA	NA
ENSG00000087274	NA	NA	TRUE	NA	NA	NA	NA
ENSG00000071243	NA	NA	TRUE	NA	NA	NA	NA
ENSG00000133858	NA	NA	TRUE	NA	NA	NA	NA
ENSG00000127947	NA	NA	TRUE	NA	NA	NA	NA
ENSG00000171307	NA	NA	TRUE	NA	NA	NA	NA
ENSG00000198160	NA	NA	TRUE	NA	NA	NA	NA
ENSG00000198890	NA	NA	TRUE	NA	NA	NA	NA
ENSG00000198909	NA	NA	TRUE	NA	TRUE	NA	NA
ENSG00000127152	NA	NA	TRUE	NA	NA	NA	NA
ENSG00000113328	NA	NA	TRUE	NA	NA	NA	NA
ENSG00000109787	NA	NA	TRUE	NA	NA	NA	NA
ENSG00000144118	NA	NA	TRUE	NA	NA	NA	NA
ENSG00000108861	NA	NA	TRUE	NA	NA	NA	NA
ENSG00000090060	NA	NA	TRUE	NA	NA	NA	NA
ENSG00000168002	NA	NA	TRUE	NA	NA	NA	NA
ENSG00000148229	NA	NA	TRUE	NA	NA	NA	NA
ENSG00000183735	NA	NA	TRUE	NA	TRUE	NA	NA
ENSG00000132604	NA	NA	TRUE	NA	NA	NA	NA
ENSG00000142856	NA	NA	TRUE	NA	NA	NA	NA
ENSG00000132950	NA	NA	TRUE	NA	NA	NA	NA
ENSG00000184216	NA	NA	TRUE	NA	TRUE	NA	NA
ENSG00000181722	NA	NA	TRUE	NA	NA	NA	NA
ENSG00000167513	NA	NA	TRUE	NA	NA	NA	NA
ENSG00000101236	NA	NA	TRUE	NA	NA	NA	NA
ENSG00000171163	NA	NA	TRUE	NA	NA	NA	NA
ENSG00000168876	NA	NA	TRUE	NA	NA	NA	NA
ENSG00000105851	NA	NA	TRUE	TRUE	TRUE	NA	TRUE
ENSG00000132155	NA	NA	TRUE	TRUE	TRUE	NA	TRUE
ENSG00000169714	NA	NA	TRUE	NA	NA	NA	NA
ENSG00000077080	NA	NA	TRUE	NA	NA	NA	NA
ENSG00000099326	NA	NA	TRUE	NA	NA	NA	NA
ENSG00000171566	NA	NA	TRUE	NA	NA	NA	NA
ENSG00000110801	NA	NA	TRUE	NA	TRUE	NA	NA
ENSG00000099995	NA	NA	TRUE	NA	NA	TRUE	NA
ENSG00000146278	NA	NA	TRUE	NA	NA	NA	NA
ENSG00000149136	NA	NA	TRUE	NA	NA	NA	NA
ENSG00000104320	NA	NA	TRUE	NA	NA	NA	NA
ENSG00000181444	NA	NA	TRUE	NA	NA	NA	NA
ENSG00000160570	NA	NA	TRUE	NA	NA	NA	NA
ENSG00000169926	NA	NA	TRUE	NA	NA	NA	NA
ENSG00000275746	NA	NA	TRUE	NA	NA	NA	NA
ENSG00000118971	NA	NA	TRUE	NA	TRUE	NA	NA
ENSG00000157869	NA	NA	TRUE	NA	NA	NA	NA
ENSG00000146755	NA	NA	TRUE	NA	NA	NA	NA
ENSG00000124831	NA	NA	TRUE	NA	NA	NA	NA
ENSG00000136147	NA	NA	TRUE	NA	NA	NA	NA
ENSG00000069869	NA	NA	TRUE	NA	NA	NA	NA
ENSG00000150593	NA	NA	TRUE	NA	NA	NA	NA
ENSG00000112033	NA	NA	TRUE	NA	NA	NA	NA
ENSG00000138303	NA	NA	TRUE	NA	NA	NA	NA
ENSG00000105856	NA	NA	TRUE	NA	NA	NA	NA
ENSG00000283847	NA	NA	TRUE	NA	NA	NA	NA
ENSG00000177889	NA	NA	TRUE	NA	NA	NA	NA
ENSG00000118689	NA	NA	TRUE	NA	NA	NA	NA
ENSG00000101849	NA	NA	TRUE	NA	NA	NA	NA
ENSG00000184939	NA	NA	TRUE	NA	NA	NA	NA
ENSG00000166432	NA	NA	TRUE	NA	NA	NA	NA
ENSG00000124795	NA	NA	TRUE	NA	NA	TRUE	NA
ENSG00000142731	NA	NA	TRUE	NA	TRUE	NA	NA
ENSG00000099783	NA	NA	TRUE	NA	NA	NA	NA
ENSG00000099246	NA	NA	TRUE	NA	NA	NA	NA
ENSG00000114013	NA	NA	TRUE	NA	NA	NA	NA
ENSG00000198728	NA	NA	TRUE	NA	NA	NA	NA
ENSG00000272047	NA	NA	TRUE	NA	NA	NA	NA
ENSG00000070501	NA	NA	TRUE	NA	TRUE	NA	NA
ENSG00000111269	NA	NA	TRUE	NA	NA	NA	NA
ENSG00000101190	NA	NA	TRUE	NA	NA	NA	NA
ENSG00000139168	NA	NA	TRUE	NA	NA	NA	NA
ENSG00000154957	NA	NA	TRUE	NA	NA	NA	NA
ENSG00000124788	NA	NA	TRUE	NA	NA	NA	NA
ENSG00000012822	NA	NA	TRUE	NA	NA	NA	NA
ENSG00000161642	NA	NA	TRUE	NA	NA	NA	NA
ENSG00000198900	NA	NA	TRUE	NA	NA	TRUE	NA
ENSG00000163781	NA	NA	TRUE	NA	NA	NA	NA
ENSG00000213246	NA	NA	TRUE	NA	NA	NA	NA
ENSG00000112096	NA	NA	TRUE	NA	NA	NA	NA
ENSG00000077454	NA	NA	TRUE	NA	NA	NA	NA
ENSG00000087586	NA	NA	TRUE	TRUE	TRUE	NA	TRUE
ENSG00000171206	NA	NA	TRUE	NA	NA	NA	NA
ENSG00000177606	NA	NA	TRUE	NA	NA	NA	NA
ENSG00000126456	NA	NA	TRUE	NA	NA	NA	NA
ENSG00000178913	NA	NA	TRUE	NA	NA	NA	NA
ENSG00000117505	NA	NA	TRUE	NA	NA	NA	NA
ENSG00000166326	NA	NA	TRUE	NA	NA	NA	NA
ENSG00000122299	NA	NA	TRUE	NA	NA	NA	NA
ENSG00000115170	NA	NA	TRUE	NA	TRUE	NA	NA
ENSG00000087095	NA	NA	TRUE	NA	TRUE	NA	NA
ENSG00000148840	NA	NA	TRUE	NA	NA	NA	NA
ENSG00000170315	NA	NA	TRUE	NA	NA	NA	NA
ENSG00000117139	NA	NA	TRUE	NA	NA	NA	NA
ENSG00000104408	NA	NA	TRUE	NA	NA	NA	NA
ENSG00000087903	NA	NA	TRUE	NA	NA	NA	NA
ENSG00000185721	NA	NA	TRUE	NA	NA	NA	NA
ENSG00000170396	NA	NA	TRUE	NA	NA	NA	NA
ENSG00000105618	NA	NA	TRUE	NA	NA	NA	NA
ENSG00000274144	NA	NA	TRUE	NA	NA	NA	NA
ENSG00000274651	NA	NA	TRUE	NA	NA	NA	NA
ENSG00000274894	NA	NA	TRUE	NA	NA	NA	NA
ENSG00000275117	NA	NA	TRUE	NA	NA	NA	NA
ENSG00000275885	NA	NA	TRUE	NA	NA	NA	NA
ENSG00000276421	NA	NA	TRUE	NA	NA	NA	NA
ENSG00000277154	NA	NA	TRUE	NA	NA	NA	NA
ENSG00000277707	NA	NA	TRUE	NA	NA	NA	NA
ENSG00000277953	NA	NA	TRUE	NA	NA	NA	NA
ENSG00000079785	NA	NA	TRUE	NA	NA	NA	NA
ENSG00000106443	NA	NA	TRUE	NA	NA	NA	NA
ENSG00000153560	NA	NA	TRUE	NA	NA	NA	NA
ENSG00000172531	NA	NA	TRUE	NA	NA	NA	NA
ENSG00000100290	NA	NA	TRUE	NA	NA	NA	NA
ENSG00000153094	NA	NA	TRUE	NA	TRUE	NA	NA
ENSG00000265491	NA	NA	TRUE	NA	NA	NA	NA
ENSG00000166888	NA	NA	TRUE	NA	NA	NA	NA
ENSG00000124802	NA	NA	TRUE	NA	NA	NA	NA
ENSG00000087206	NA	NA	TRUE	NA	NA	NA	NA
ENSG00000157557	NA	NA	TRUE	NA	NA	NA	NA
ENSG00000102804	NA	NA	TRUE	NA	NA	NA	NA
ENSG00000253729	NA	NA	TRUE	NA	TRUE	NA	NA
ENSG00000116830	NA	NA	TRUE	NA	NA	NA	NA
ENSG00000118412	NA	NA	TRUE	NA	NA	NA	NA
ENSG00000090376	NA	NA	TRUE	NA	TRUE	NA	NA
ENSG00000104219	NA	NA	TRUE	NA	NA	NA	NA
ENSG00000129355	NA	NA	TRUE	NA	NA	NA	NA
ENSG00000135250	NA	NA	TRUE	NA	TRUE	NA	NA
ENSG00000160062	NA	NA	TRUE	NA	NA	NA	NA
ENSG00000171940	NA	NA	TRUE	NA	NA	NA	NA
ENSG00000095564	NA	NA	TRUE	NA	NA	NA	NA
ENSG00000179218	NA	NA	TRUE	NA	NA	NA	NA
ENSG00000103479	NA	NA	TRUE	NA	TRUE	NA	NA
ENSG00000136869	NA	NA	TRUE	NA	NA	NA	NA
ENSG00000176953	NA	NA	TRUE	NA	NA	NA	NA
ENSG00000135164	NA	NA	TRUE	NA	NA	NA	NA
ENSG00000186827	NA	NA	TRUE	NA	NA	NA	NA
ENSG00000155868	NA	NA	TRUE	NA	NA	NA	NA
ENSG00000084733	NA	NA	TRUE	NA	NA	NA	NA
ENSG00000242372	NA	NA	TRUE	NA	NA	NA	NA
ENSG00000165916	NA	NA	TRUE	NA	TRUE	NA	NA
ENSG00000064726	NA	NA	TRUE	NA	NA	NA	NA
ENSG00000172349	NA	NA	TRUE	NA	NA	NA	NA
ENSG00000096968	NA	NA	TRUE	TRUE	TRUE	TRUE	TRUE
ENSG00000119403	NA	NA	TRUE	NA	NA	NA	NA
ENSG00000139613	NA	NA	TRUE	NA	NA	NA	NA
ENSG00000160094	NA	NA	TRUE	NA	NA	NA	NA
ENSG00000103275	NA	NA	TRUE	NA	NA	NA	NA
ENSG00000105810	NA	NA	TRUE	TRUE	TRUE	NA	TRUE
ENSG00000165934	NA	NA	TRUE	NA	NA	NA	NA
ENSG00000119760	NA	NA	TRUE	NA	NA	NA	NA
ENSG00000186187	NA	NA	TRUE	NA	NA	NA	NA
ENSG00000171681	NA	NA	TRUE	NA	NA	NA	NA
ENSG00000121413	NA	NA	TRUE	NA	NA	NA	NA
ENSG00000131263	NA	NA	TRUE	NA	NA	NA	NA
ENSG00000160908	NA	NA	TRUE	NA	NA	NA	NA
ENSG00000134453	NA	NA	TRUE	NA	NA	NA	NA
ENSG00000149554	NA	NA	TRUE	NA	TRUE	NA	NA
ENSG00000114346	NA	NA	TRUE	NA	NA	NA	NA
ENSG00000120699	NA	NA	TRUE	NA	NA	NA	NA
ENSG00000100461	NA	NA	TRUE	NA	NA	NA	NA
ENSG00000124380	NA	NA	TRUE	NA	NA	NA	NA
ENSG00000180964	NA	NA	TRUE	NA	NA	NA	NA
ENSG00000157514	NA	NA	TRUE	NA	NA	NA	NA
ENSG00000122779	NA	NA	TRUE	NA	NA	NA	NA
ENSG00000175029	NA	NA	TRUE	NA	NA	NA	NA
ENSG00000197451	NA	NA	TRUE	NA	NA	NA	NA
ENSG00000130816	NA	NA	TRUE	NA	TRUE	NA	TRUE
ENSG00000134324	NA	NA	TRUE	NA	NA	NA	NA
ENSG00000100105	NA	NA	TRUE	NA	NA	NA	NA
ENSG00000118495	NA	NA	TRUE	NA	NA	NA	NA
ENSG00000126561	NA	NA	TRUE	NA	TRUE	NA	NA
ENSG00000162385	NA	NA	TRUE	NA	NA	NA	NA
ENSG00000137504	NA	NA	TRUE	NA	NA	NA	NA
ENSG00000096746	NA	NA	TRUE	NA	NA	NA	NA
ENSG00000115207	NA	NA	TRUE	NA	NA	NA	NA
ENSG00000081721	NA	NA	TRUE	NA	NA	NA	NA
ENSG00000151657	NA	NA	TRUE	NA	NA	NA	NA
ENSG00000067334	NA	NA	TRUE	NA	NA	NA	NA
ENSG00000157450	NA	NA	TRUE	NA	NA	NA	NA
ENSG00000136875	NA	NA	TRUE	NA	NA	NA	NA
ENSG00000100030	NA	NA	TRUE	NA	TRUE	NA	NA
ENSG00000166848	NA	NA	TRUE	NA	NA	NA	NA
ENSG00000114439	NA	NA	TRUE	NA	NA	NA	NA
ENSG00000110395	NA	NA	TRUE	NA	TRUE	TRUE	NA
ENSG00000010671	NA	NA	TRUE	TRUE	TRUE	NA	TRUE
ENSG00000255302	NA	NA	TRUE	NA	NA	NA	NA
ENSG00000100941	NA	NA	TRUE	NA	NA	NA	NA
ENSG00000141384	NA	NA	TRUE	NA	NA	NA	NA
ENSG00000144161	NA	NA	TRUE	NA	NA	NA	NA
ENSG00000065534	NA	NA	TRUE	NA	TRUE	NA	NA
ENSG00000143368	NA	NA	TRUE	NA	NA	NA	NA
ENSG00000113580	NA	NA	TRUE	NA	NA	NA	NA
ENSG00000165119	NA	NA	TRUE	NA	NA	NA	NA
ENSG00000171606	NA	NA	TRUE	NA	NA	NA	NA
ENSG00000273841	NA	NA	TRUE	NA	NA	NA	NA
ENSG00000276463	NA	NA	TRUE	NA	NA	NA	NA
ENSG00000106344	NA	NA	TRUE	NA	NA	NA	NA
ENSG00000141002	NA	NA	TRUE	NA	NA	NA	NA
ENSG00000156983	NA	NA	TRUE	NA	NA	NA	NA
ENSG00000163950	NA	NA	TRUE	NA	NA	NA	NA
ENSG00000176788	NA	NA	TRUE	NA	NA	NA	NA
ENSG00000204256	NA	NA	TRUE	TRUE	TRUE	NA	NA
ENSG00000215077	NA	NA	TRUE	TRUE	TRUE	NA	NA
ENSG00000230678	NA	NA	TRUE	TRUE	TRUE	NA	NA
ENSG00000234507	NA	NA	TRUE	TRUE	TRUE	NA	NA
ENSG00000234704	NA	NA	TRUE	TRUE	TRUE	NA	NA
ENSG00000235307	NA	NA	TRUE	TRUE	TRUE	NA	NA
ENSG00000236227	NA	NA	TRUE	TRUE	TRUE	NA	NA
ENSG00000143390	NA	NA	TRUE	NA	NA	NA	NA
ENSG00000175197	NA	NA	TRUE	NA	TRUE	NA	NA
ENSG00000112365	NA	NA	TRUE	NA	NA	NA	NA
ENSG00000173933	NA	NA	TRUE	NA	NA	NA	NA
ENSG00000101665	NA	NA	TRUE	NA	NA	NA	NA
ENSG00000122565	NA	NA	TRUE	NA	NA	NA	NA
ENSG00000167670	NA	NA	TRUE	NA	NA	NA	NA
ENSG00000037280	NA	NA	NA	TRUE	TRUE	NA	TRUE
ENSG00000061273	NA	NA	NA	TRUE	TRUE	NA	NA
ENSG00000065883	NA	NA	NA	TRUE	TRUE	NA	NA
ENSG00000071242	NA	NA	NA	TRUE	TRUE	NA	NA
ENSG00000072062	NA	NA	NA	TRUE	TRUE	NA	TRUE
ENSG00000072133	NA	NA	NA	TRUE	TRUE	NA	NA
ENSG00000094631	NA	NA	NA	TRUE	TRUE	NA	NA
ENSG00000097007	NA	NA	NA	TRUE	TRUE	TRUE	TRUE
ENSG00000100429	NA	NA	NA	TRUE	TRUE	NA	NA
ENSG00000100784	NA	NA	NA	TRUE	TRUE	NA	NA
ENSG00000102225	NA	NA	NA	TRUE	TRUE	NA	NA
ENSG00000102755	NA	NA	NA	TRUE	TRUE	NA	TRUE
ENSG00000105146	NA	NA	NA	TRUE	TRUE	NA	TRUE
ENSG00000105397	NA	NA	NA	TRUE	TRUE	TRUE	NA
ENSG00000105647	NA	NA	NA	TRUE	TRUE	NA	TRUE
ENSG00000107854	NA	NA	NA	TRUE	TRUE	NA	NA
ENSG00000108443	NA	NA	NA	TRUE	TRUE	NA	NA
ENSG00000108840	NA	NA	NA	TRUE	TRUE	NA	NA
ENSG00000113161	NA	NA	NA	TRUE	TRUE	NA	TRUE
ENSG00000117676	NA	NA	NA	TRUE	TRUE	NA	NA
ENSG00000120156	NA	NA	NA	TRUE	TRUE	NA	TRUE
ENSG00000123374	NA	NA	NA	TRUE	TRUE	NA	TRUE
ENSG00000126583	NA	NA	NA	TRUE	TRUE	NA	TRUE
ENSG00000126602	NA	NA	NA	TRUE	TRUE	NA	NA
ENSG00000126934	NA	NA	NA	TRUE	TRUE	NA	TRUE
ENSG00000132964	NA	NA	NA	TRUE	TRUE	NA	NA
ENSG00000134058	NA	NA	NA	TRUE	TRUE	NA	TRUE
ENSG00000134853	NA	NA	NA	TRUE	TRUE	NA	TRUE
ENSG00000136643	NA	NA	NA	TRUE	NA	NA	NA
ENSG00000136807	NA	NA	NA	TRUE	TRUE	NA	TRUE
ENSG00000137948	NA	NA	NA	TRUE	TRUE	NA	NA
ENSG00000140443	NA	NA	NA	TRUE	TRUE	NA	NA
ENSG00000140538	NA	NA	NA	TRUE	TRUE	NA	TRUE
ENSG00000141506	NA	NA	NA	TRUE	TRUE	NA	TRUE
ENSG00000141867	NA	NA	NA	TRUE	TRUE	NA	NA
ENSG00000142875	NA	NA	NA	TRUE	TRUE	NA	TRUE
ENSG00000147099	NA	NA	NA	TRUE	TRUE	NA	NA
ENSG00000154229	NA	NA	NA	TRUE	TRUE	NA	TRUE
ENSG00000155111	NA	NA	NA	TRUE	TRUE	NA	NA
ENSG00000156345	NA	NA	NA	TRUE	NA	NA	NA
ENSG00000156711	NA	NA	NA	TRUE	TRUE	NA	NA
ENSG00000160867	NA	NA	NA	TRUE	TRUE	NA	NA
ENSG00000162302	NA	NA	NA	TRUE	TRUE	NA	NA
ENSG00000162434	NA	NA	NA	TRUE	TRUE	TRUE	TRUE
ENSG00000163517	NA	NA	NA	TRUE	TRUE	NA	NA
ENSG00000163558	NA	NA	NA	TRUE	NA	NA	TRUE
ENSG00000164078	NA	NA	NA	TRUE	TRUE	NA	TRUE
ENSG00000164885	NA	NA	NA	TRUE	TRUE	NA	TRUE
ENSG00000165059	NA	NA	NA	TRUE	NA	NA	TRUE
ENSG00000165731	NA	NA	NA	TRUE	TRUE	NA	TRUE
ENSG00000166598	NA	NA	NA	TRUE	NA	NA	NA
ENSG00000166851	NA	NA	NA	TRUE	TRUE	NA	TRUE
ENSG00000169925	NA	NA	NA	TRUE	TRUE	NA	NA
ENSG00000170312	NA	NA	NA	TRUE	TRUE	NA	TRUE
ENSG00000171105	NA	NA	NA	TRUE	TRUE	NA	NA
ENSG00000171132	NA	NA	NA	TRUE	TRUE	NA	TRUE
ENSG00000171608	NA	NA	NA	TRUE	TRUE	NA	TRUE
ENSG00000171791	NA	NA	NA	TRUE	TRUE	TRUE	TRUE
ENSG00000173273	NA	NA	NA	TRUE	TRUE	NA	NA
ENSG00000175634	NA	NA	NA	TRUE	NA	NA	NA
ENSG00000177189	NA	NA	NA	TRUE	TRUE	NA	NA
ENSG00000178999	NA	NA	NA	TRUE	TRUE	NA	TRUE
ENSG00000182578	NA	NA	NA	TRUE	TRUE	NA	TRUE
ENSG00000185324	NA	NA	NA	TRUE	TRUE	NA	NA
ENSG00000185386	NA	NA	NA	TRUE	TRUE	NA	TRUE
ENSG00000188130	NA	NA	NA	TRUE	TRUE	NA	NA
ENSG00000196455	NA	NA	NA	TRUE	TRUE	NA	NA
ENSG00000196591	NA	NA	NA	TRUE	TRUE	NA	NA
ENSG00000197122	NA	NA	NA	TRUE	TRUE	NA	TRUE
ENSG00000198400	NA	NA	NA	TRUE	TRUE	NA	TRUE
ENSG00000250506	NA	NA	NA	TRUE	TRUE	NA	NA
ENSG00000276231	NA	NA	NA	TRUE	TRUE	NA	NA
ENSG00000277273	NA	NA	NA	TRUE	TRUE	NA	TRUE
ENSG00000281877	NA	NA	NA	TRUE	TRUE	NA	NA
ENSG00000122966	NA	NA	NA	NA	TRUE	NA	NA
ENSG00000137332	NA	NA	NA	NA	TRUE	NA	NA
ENSG00000204580	NA	NA	NA	NA	TRUE	NA	NA
ENSG00000215522	NA	NA	NA	NA	TRUE	NA	NA
ENSG00000223680	NA	NA	NA	NA	TRUE	NA	NA
ENSG00000229767	NA	NA	NA	NA	TRUE	NA	NA
ENSG00000230456	NA	NA	NA	NA	TRUE	NA	NA
ENSG00000234078	NA	NA	NA	NA	TRUE	NA	NA
ENSG00000162733	NA	NA	NA	NA	TRUE	NA	TRUE
ENSG00000055332	NA	NA	NA	NA	TRUE	NA	NA
ENSG00000128829	NA	NA	NA	NA	TRUE	NA	NA
ENSG00000080224	NA	NA	NA	NA	TRUE	NA	TRUE
ENSG00000070886	NA	NA	NA	NA	TRUE	NA	TRUE
ENSG00000143631	NA	NA	NA	NA	TRUE	NA	NA
ENSG00000111816	NA	NA	NA	NA	TRUE	NA	TRUE
ENSG00000010810	NA	NA	NA	NA	TRUE	NA	TRUE
ENSG00000101336	NA	NA	NA	NA	TRUE	NA	TRUE
ENSG00000182866	NA	NA	NA	NA	TRUE	NA	TRUE
ENSG00000254087	NA	NA	NA	NA	TRUE	NA	TRUE
ENSG00000071054	NA	NA	NA	NA	TRUE	NA	NA
ENSG00000012983	NA	NA	NA	NA	TRUE	NA	NA
ENSG00000197168	NA	NA	NA	NA	TRUE	NA	NA
ENSG00000077264	NA	NA	NA	NA	TRUE	NA	NA
ENSG00000132356	NA	NA	NA	NA	TRUE	NA	NA
ENSG00000101213	NA	NA	NA	NA	TRUE	NA	TRUE
ENSG00000104312	NA	NA	NA	NA	TRUE	NA	NA
ENSG00000065613	NA	NA	NA	NA	TRUE	NA	NA
ENSG00000072786	NA	NA	NA	NA	TRUE	NA	NA
ENSG00000066056	NA	NA	NA	NA	TRUE	NA	NA
ENSG00000163931	NA	NA	NA	NA	TRUE	NA	NA
ENSG00000154310	NA	NA	NA	NA	TRUE	NA	NA
ENSG00000116783	NA	NA	NA	NA	TRUE	NA	NA
ENSG00000176105	NA	NA	NA	NA	TRUE	NA	TRUE
ENSG00000136573	NA	NA	NA	NA	TRUE	NA	TRUE
ENSG00000102010	NA	NA	NA	NA	TRUE	NA	NA
ENSG00000131023	NA	NA	NA	NA	TRUE	NA	NA
ENSG00000106683	NA	NA	NA	NA	TRUE	NA	NA
ENSG00000137764	NA	NA	NA	NA	TRUE	NA	NA
ENSG00000076641	NA	NA	NA	NA	TRUE	NA	NA
ENSG00000129465	NA	NA	NA	NA	TRUE	NA	NA
ENSG00000135605	NA	NA	NA	NA	TRUE	NA	NA
ENSG00000109103	NA	NA	NA	NA	TRUE	NA	NA
ENSG00000088832	NA	NA	NA	NA	TRUE	NA	TRUE
ENSG00000178568	NA	NA	NA	NA	TRUE	NA	TRUE
ENSG00000115977	NA	NA	NA	NA	TRUE	NA	NA
ENSG00000138756	NA	NA	NA	NA	TRUE	NA	NA
ENSG00000156136	NA	NA	NA	NA	TRUE	NA	NA
ENSG00000160209	NA	NA	NA	NA	TRUE	NA	NA
ENSG00000100804	NA	NA	NA	NA	TRUE	NA	TRUE
ENSG00000130706	NA	NA	NA	NA	TRUE	NA	NA
ENSG00000104267	NA	NA	NA	NA	TRUE	NA	NA
ENSG00000092009	NA	NA	NA	NA	TRUE	NA	NA
ENSG00000168925	NA	NA	NA	NA	TRUE	NA	NA
ENSG00000064601	NA	NA	NA	NA	TRUE	NA	NA
ENSG00000180210	NA	NA	NA	NA	TRUE	NA	NA
ENSG00000077150	NA	NA	NA	NA	TRUE	NA	NA
ENSG00000129084	NA	NA	NA	NA	TRUE	NA	TRUE
ENSG00000106588	NA	NA	NA	NA	TRUE	NA	TRUE
ENSG00000100567	NA	NA	NA	NA	TRUE	NA	TRUE
ENSG00000041357	NA	NA	NA	NA	TRUE	NA	TRUE
ENSG00000143106	NA	NA	NA	NA	TRUE	NA	TRUE
ENSG00000101182	NA	NA	NA	NA	TRUE	NA	TRUE
ENSG00000154611	NA	NA	NA	NA	TRUE	NA	TRUE
ENSG00000008018	NA	NA	NA	NA	TRUE	NA	TRUE
ENSG00000281184	NA	NA	NA	NA	TRUE	NA	TRUE
ENSG00000205220	NA	NA	NA	NA	TRUE	NA	TRUE
ENSG00000222028	NA	NA	NA	NA	TRUE	NA	TRUE
ENSG00000126067	NA	NA	NA	NA	TRUE	NA	TRUE
ENSG00000275903	NA	NA	NA	NA	TRUE	NA	TRUE
ENSG00000277791	NA	NA	NA	NA	TRUE	NA	TRUE
ENSG00000159377	NA	NA	NA	NA	TRUE	NA	TRUE
ENSG00000142507	NA	NA	NA	NA	TRUE	NA	TRUE
ENSG00000136930	NA	NA	NA	NA	TRUE	NA	TRUE
ENSG00000204264	NA	NA	NA	NA	TRUE	NA	TRUE
ENSG00000206298	NA	NA	NA	NA	TRUE	NA	TRUE
ENSG00000226201	NA	NA	NA	NA	TRUE	NA	TRUE
ENSG00000230034	NA	NA	NA	NA	TRUE	NA	TRUE
ENSG00000230669	NA	NA	NA	NA	TRUE	NA	TRUE
ENSG00000231631	NA	NA	NA	NA	TRUE	NA	TRUE
ENSG00000235715	NA	NA	NA	NA	TRUE	NA	TRUE
ENSG00000236443	NA	NA	NA	NA	TRUE	NA	TRUE
ENSG00000239836	NA	NA	NA	NA	TRUE	NA	TRUE
ENSG00000240065	NA	NA	NA	NA	TRUE	NA	TRUE
ENSG00000240118	NA	NA	NA	NA	TRUE	NA	TRUE
ENSG00000240508	NA	NA	NA	NA	TRUE	NA	TRUE
ENSG00000242711	NA	NA	NA	NA	TRUE	NA	TRUE
ENSG00000243067	NA	NA	NA	NA	TRUE	NA	TRUE
ENSG00000243594	NA	NA	NA	NA	TRUE	NA	TRUE
ENSG00000243958	NA	NA	NA	NA	TRUE	NA	TRUE
ENSG00000100764	NA	NA	NA	NA	TRUE	NA	NA
ENSG00000161057	NA	NA	NA	NA	TRUE	NA	NA
ENSG00000013275	NA	NA	NA	NA	TRUE	NA	NA
ENSG00000281221	NA	NA	NA	NA	TRUE	NA	NA
ENSG00000087191	NA	NA	NA	NA	TRUE	NA	NA
ENSG00000100519	NA	NA	NA	NA	TRUE	NA	NA
ENSG00000173692	NA	NA	NA	NA	TRUE	NA	NA
ENSG00000197170	NA	NA	NA	NA	TRUE	NA	NA
ENSG00000185627	NA	NA	NA	NA	TRUE	NA	NA
ENSG00000115233	NA	NA	NA	NA	TRUE	NA	TRUE
ENSG00000175166	NA	NA	NA	NA	TRUE	NA	NA
ENSG00000108344	NA	NA	NA	NA	TRUE	NA	NA
ENSG00000159352	NA	NA	NA	NA	TRUE	NA	NA
ENSG00000163636	NA	NA	NA	NA	TRUE	NA	NA
ENSG00000103035	NA	NA	NA	NA	TRUE	NA	NA
ENSG00000099341	NA	NA	NA	NA	TRUE	NA	NA
ENSG00000173039	NA	NA	NA	NA	TRUE	NA	NA
ENSG00000127922	NA	NA	NA	NA	TRUE	NA	NA
ENSG00000186868	NA	NA	NA	NA	TRUE	NA	NA
ENSG00000276155	NA	NA	NA	NA	TRUE	NA	NA
ENSG00000277956	NA	NA	NA	NA	TRUE	NA	NA
ENSG00000171552	NA	NA	NA	NA	TRUE	NA	NA
ENSG00000240303	NA	NA	NA	NA	TRUE	NA	NA
ENSG00000169679	NA	NA	NA	NA	TRUE	NA	NA
ENSG00000171219	NA	NA	NA	NA	TRUE	NA	NA
ENSG00000163050	NA	NA	NA	NA	TRUE	NA	NA
ENSG00000123815	NA	NA	NA	NA	TRUE	NA	NA
ENSG00000141551	NA	NA	NA	NA	TRUE	NA	NA
ENSG00000179958	NA	NA	NA	NA	TRUE	NA	NA
ENSG00000104936	NA	NA	NA	NA	TRUE	NA	NA
ENSG00000044524	NA	NA	NA	NA	TRUE	NA	TRUE
ENSG00000135333	NA	NA	NA	NA	TRUE	NA	TRUE
ENSG00000066926	NA	NA	NA	NA	TRUE	NA	NA
ENSG00000000938	NA	NA	NA	NA	TRUE	NA	TRUE
ENSG00000178950	NA	NA	NA	NA	TRUE	NA	NA
ENSG00000177885	NA	NA	NA	NA	TRUE	NA	NA
ENSG00000062524	NA	NA	NA	NA	TRUE	NA	NA
ENSG00000141639	NA	NA	NA	NA	TRUE	NA	NA
ENSG00000282110	NA	NA	NA	NA	TRUE	NA	NA
ENSG00000050748	NA	NA	NA	NA	TRUE	NA	NA
ENSG00000079277	NA	NA	NA	NA	TRUE	NA	NA
ENSG00000099875	NA	NA	NA	NA	TRUE	NA	NA
ENSG00000101306	NA	NA	NA	NA	TRUE	NA	NA
ENSG00000174292	NA	NA	NA	NA	TRUE	NA	NA
ENSG00000283781	NA	NA	NA	NA	TRUE	NA	NA
ENSG00000092445	NA	NA	NA	NA	TRUE	NA	NA
ENSG00000170209	NA	NA	NA	NA	TRUE	NA	NA
ENSG00000167601	NA	NA	NA	NA	TRUE	NA	NA
ENSG00000008128	NA	NA	NA	NA	TRUE	NA	NA
ENSG00000248333	NA	NA	NA	NA	TRUE	NA	NA
ENSG00000070770	NA	NA	NA	NA	TRUE	NA	NA
ENSG00000254598	NA	NA	NA	NA	TRUE	NA	NA
ENSG00000104131	NA	NA	NA	NA	TRUE	NA	NA
ENSG00000030304	NA	NA	NA	NA	TRUE	NA	NA
ENSG00000125508	NA	NA	NA	NA	TRUE	NA	TRUE
ENSG00000163482	NA	NA	NA	NA	TRUE	NA	NA
ENSG00000112742	NA	NA	NA	NA	TRUE	NA	NA
ENSG00000115085	NA	NA	NA	NA	TRUE	NA	NA
ENSG00000087085	NA	NA	NA	NA	TRUE	NA	NA
ENSG00000105221	NA	NA	NA	NA	TRUE	NA	TRUE
ENSG00000196961	NA	NA	NA	NA	TRUE	NA	NA
ENSG00000163512	NA	NA	NA	NA	TRUE	NA	NA
ENSG00000160469	NA	NA	NA	NA	TRUE	NA	NA
ENSG00000174672	NA	NA	NA	NA	TRUE	NA	NA
ENSG00000134072	NA	NA	NA	NA	TRUE	NA	NA
ENSG00000183049	NA	NA	NA	NA	TRUE	NA	NA
ENSG00000008118	NA	NA	NA	NA	TRUE	NA	NA
ENSG00000070808	NA	NA	NA	NA	TRUE	NA	NA
ENSG00000058404	NA	NA	NA	NA	TRUE	NA	NA
ENSG00000145349	NA	NA	NA	NA	TRUE	NA	NA
ENSG00000148660	NA	NA	NA	NA	TRUE	NA	NA
ENSG00000152495	NA	NA	NA	NA	TRUE	NA	NA
ENSG00000004660	NA	NA	NA	NA	TRUE	NA	NA
ENSG00000110931	NA	NA	NA	NA	TRUE	NA	NA
ENSG00000134480	NA	NA	NA	NA	TRUE	NA	NA
ENSG00000058091	NA	NA	NA	NA	TRUE	NA	NA
ENSG00000059758	NA	NA	NA	NA	TRUE	NA	NA
ENSG00000117266	NA	NA	NA	NA	TRUE	NA	NA
ENSG00000013441	NA	NA	NA	NA	TRUE	NA	NA
ENSG00000176444	NA	NA	NA	NA	TRUE	NA	NA
ENSG00000261893	NA	NA	NA	NA	TRUE	NA	NA
ENSG00000113240	NA	NA	NA	NA	TRUE	NA	NA
ENSG00000180138	NA	NA	NA	NA	TRUE	NA	NA
ENSG00000213923	NA	NA	NA	NA	TRUE	NA	NA
ENSG00000169118	NA	NA	NA	NA	TRUE	NA	NA
ENSG00000133275	NA	NA	NA	NA	TRUE	NA	NA
ENSG00000035664	NA	NA	NA	NA	TRUE	NA	NA
ENSG00000167657	NA	NA	NA	NA	TRUE	NA	NA
ENSG00000133083	NA	NA	NA	NA	TRUE	NA	NA
ENSG00000170390	NA	NA	NA	NA	TRUE	NA	NA
ENSG00000163673	NA	NA	NA	NA	TRUE	NA	NA
ENSG00000157540	NA	NA	NA	NA	TRUE	NA	NA
ENSG00000105204	NA	NA	NA	NA	TRUE	NA	NA
ENSG00000281320	NA	NA	NA	NA	TRUE	NA	NA
ENSG00000145242	NA	NA	NA	NA	TRUE	NA	TRUE
ENSG00000154928	NA	NA	NA	NA	TRUE	NA	TRUE
ENSG00000196411	NA	NA	NA	NA	TRUE	NA	TRUE
ENSG00000147689	NA	NA	NA	NA	TRUE	NA	NA
ENSG00000151422	NA	NA	NA	NA	TRUE	NA	NA
ENSG00000182511	NA	NA	NA	NA	TRUE	NA	NA
ENSG00000165219	NA	NA	NA	NA	TRUE	NA	NA
ENSG00000263528	NA	NA	NA	NA	TRUE	NA	NA
ENSG00000027644	NA	NA	NA	NA	TRUE	NA	NA
ENSG00000198001	NA	NA	NA	NA	TRUE	NA	NA
ENSG00000113263	NA	NA	NA	NA	TRUE	NA	NA
ENSG00000150457	NA	NA	NA	NA	TRUE	NA	NA
ENSG00000188906	NA	NA	NA	NA	TRUE	NA	NA
ENSG00000169967	NA	NA	NA	NA	TRUE	NA	NA
ENSG00000006432	NA	NA	NA	NA	TRUE	NA	NA
ENSG00000116141	NA	NA	NA	NA	TRUE	NA	NA
ENSG00000072518	NA	NA	NA	NA	TRUE	NA	NA
ENSG00000075413	NA	NA	NA	NA	TRUE	NA	NA
ENSG00000007047	NA	NA	NA	NA	TRUE	NA	NA
ENSG00000165304	NA	NA	NA	NA	TRUE	NA	NA
ENSG00000153208	NA	NA	NA	NA	TRUE	NA	NA
ENSG00000020426	NA	NA	NA	NA	TRUE	NA	NA
ENSG00000114978	NA	NA	NA	NA	TRUE	NA	NA
ENSG00000173542	NA	NA	NA	NA	TRUE	NA	NA
ENSG00000173531	NA	NA	NA	NA	TRUE	NA	NA
ENSG00000145949	NA	NA	NA	NA	TRUE	NA	NA
ENSG00000071909	NA	NA	NA	NA	TRUE	NA	NA
ENSG00000117650	NA	NA	NA	NA	TRUE	NA	NA
ENSG00000151414	NA	NA	NA	NA	TRUE	NA	NA
ENSG00000124588	NA	NA	NA	NA	TRUE	NA	NA
ENSG00000074590	NA	NA	NA	NA	TRUE	NA	NA
ENSG00000163545	NA	NA	NA	NA	TRUE	NA	NA
ENSG00000130669	NA	NA	NA	NA	TRUE	NA	NA
ENSG00000101349	NA	NA	NA	NA	TRUE	NA	NA
ENSG00000137843	NA	NA	NA	NA	TRUE	NA	NA
ENSG00000114209	NA	NA	NA	NA	TRUE	NA	NA
ENSG00000152256	NA	NA	NA	NA	TRUE	NA	NA
ENSG00000140992	NA	NA	NA	NA	TRUE	NA	NA
ENSG00000205918	NA	NA	NA	NA	TRUE	NA	NA
ENSG00000044446	NA	NA	NA	NA	TRUE	NA	NA
ENSG00000164776	NA	NA	NA	NA	TRUE	NA	NA
ENSG00000156873	NA	NA	NA	NA	TRUE	NA	NA
ENSG00000102096	NA	NA	NA	NA	TRUE	NA	NA
ENSG00000198355	NA	NA	NA	NA	TRUE	NA	NA
ENSG00000276293	NA	NA	NA	NA	TRUE	NA	NA
ENSG00000277292	NA	NA	NA	NA	TRUE	NA	NA
ENSG00000008710	NA	NA	NA	NA	TRUE	NA	NA
ENSG00000118762	NA	NA	NA	NA	TRUE	NA	NA
ENSG00000123143	NA	NA	NA	NA	TRUE	NA	NA
ENSG00000065243	NA	NA	NA	NA	TRUE	NA	NA
ENSG00000162409	NA	NA	NA	NA	TRUE	NA	NA
ENSG00000131791	NA	NA	NA	NA	TRUE	NA	NA
ENSG00000181929	NA	NA	NA	NA	TRUE	NA	NA
ENSG00000106617	NA	NA	NA	NA	TRUE	NA	NA
ENSG00000184304	NA	NA	NA	NA	TRUE	NA	TRUE
ENSG00000105287	NA	NA	NA	NA	TRUE	TRUE	NA
ENSG00000115825	NA	NA	NA	NA	TRUE	NA	TRUE
ENSG00000169398	NA	NA	NA	NA	TRUE	NA	NA
ENSG00000120899	NA	NA	NA	NA	TRUE	NA	NA
ENSG00000101265	NA	NA	NA	NA	TRUE	NA	NA
ENSG00000153179	NA	NA	NA	NA	TRUE	NA	NA
ENSG00000266094	NA	NA	NA	NA	TRUE	NA	NA
ENSG00000124784	NA	NA	NA	NA	TRUE	NA	NA
ENSG00000101782	NA	NA	NA	NA	TRUE	NA	NA
ENSG00000137275	NA	NA	NA	NA	TRUE	NA	NA
ENSG00000142178	NA	NA	NA	NA	TRUE	NA	NA
ENSG00000170145	NA	NA	NA	NA	TRUE	NA	NA
ENSG00000115661	NA	NA	NA	NA	TRUE	NA	NA
ENSG00000164543	NA	NA	NA	NA	TRUE	NA	NA
ENSG00000081320	NA	NA	NA	NA	TRUE	NA	NA
ENSG00000102572	NA	NA	NA	NA	TRUE	NA	NA
ENSG00000115694	NA	NA	NA	NA	TRUE	NA	NA
ENSG00000134602	NA	NA	NA	NA	TRUE	NA	NA
ENSG00000104375	NA	NA	NA	NA	TRUE	NA	NA
ENSG00000130413	NA	NA	NA	NA	TRUE	NA	NA
ENSG00000211455	NA	NA	NA	NA	TRUE	NA	NA
ENSG00000136560	NA	NA	NA	NA	TRUE	NA	NA
ENSG00000198933	NA	NA	NA	NA	TRUE	NA	NA
ENSG00000164081	NA	NA	NA	NA	TRUE	NA	NA
ENSG00000198586	NA	NA	NA	NA	TRUE	NA	NA
ENSG00000146872	NA	NA	NA	NA	TRUE	NA	NA
ENSG00000061938	NA	NA	NA	NA	TRUE	NA	NA
ENSG00000212122	NA	NA	NA	NA	TRUE	NA	NA
ENSG00000177169	NA	NA	NA	NA	TRUE	NA	NA
ENSG00000140474	NA	NA	NA	NA	TRUE	NA	NA
ENSG00000166483	NA	NA	NA	NA	TRUE	NA	NA
ENSG00000172493	NA	NA	NA	NA	TRUE	NA	NA
ENSG00000111731	NA	NA	NA	NA	TRUE	NA	NA
ENSG00000134508	NA	NA	NA	NA	TRUE	NA	NA
ENSG00000145386	NA	NA	NA	NA	TRUE	NA	NA
ENSG00000134057	NA	NA	NA	NA	TRUE	NA	NA
ENSG00000157456	NA	NA	NA	NA	TRUE	NA	NA
ENSG00000105173	NA	NA	NA	NA	TRUE	NA	NA
ENSG00000090061	NA	NA	NA	NA	TRUE	NA	NA
ENSG00000129315	NA	NA	NA	NA	TRUE	NA	NA
ENSG00000082258	NA	NA	NA	NA	TRUE	NA	NA
ENSG00000100526	NA	NA	NA	NA	TRUE	NA	NA
ENSG00000173207	NA	NA	NA	NA	TRUE	NA	NA
ENSG00000136485	NA	NA	NA	NA	TRUE	NA	NA
ENSG00000233827	NA	NA	NA	NA	TRUE	NA	NA
ENSG00000168143	NA	NA	NA	NA	TRUE	NA	NA
ENSG00000172500	NA	NA	NA	NA	TRUE	NA	NA
ENSG00000105723	NA	NA	NA	NA	TRUE	NA	NA
ENSG00000082701	NA	NA	NA	NA	TRUE	NA	NA
ENSG00000100744	NA	NA	NA	NA	TRUE	NA	NA
ENSG00000181085	NA	NA	NA	NA	TRUE	NA	NA
ENSG00000274205	NA	NA	NA	NA	TRUE	NA	NA
ENSG00000069956	NA	NA	NA	NA	TRUE	NA	NA
ENSG00000198752	NA	NA	NA	NA	TRUE	NA	NA
ENSG00000106211	NA	NA	NA	NA	TRUE	NA	NA
ENSG00000109339	NA	NA	NA	NA	TRUE	NA	NA
ENSG00000114739	NA	NA	NA	NA	TRUE	NA	NA
ENSG00000139567	NA	NA	NA	NA	TRUE	NA	NA
ENSG00000182580	NA	NA	NA	NA	TRUE	NA	TRUE
ENSG00000106123	NA	NA	NA	NA	TRUE	NA	TRUE
ENSG00000275482	NA	NA	NA	NA	TRUE	NA	TRUE
ENSG00000182541	NA	NA	NA	NA	TRUE	NA	NA
ENSG00000168067	NA	NA	NA	NA	TRUE	NA	NA
ENSG00000162889	NA	NA	NA	NA	TRUE	NA	NA
ENSG00000188786	NA	NA	NA	NA	TRUE	NA	NA
ENSG00000196132	NA	NA	NA	NA	TRUE	NA	NA
ENSG00000276876	NA	NA	NA	NA	TRUE	NA	NA
ENSG00000127564	NA	NA	NA	NA	TRUE	NA	NA
ENSG00000160584	NA	NA	NA	NA	TRUE	NA	NA
ENSG00000107140	NA	NA	NA	NA	TRUE	NA	NA
ENSG00000106799	NA	NA	NA	NA	TRUE	NA	NA
ENSG00000074966	NA	NA	NA	NA	TRUE	NA	NA
ENSG00000110619	NA	NA	NA	NA	TRUE	NA	NA
ENSG00000278191	NA	NA	NA	NA	TRUE	NA	NA
ENSG00000166908	NA	NA	NA	NA	TRUE	NA	NA
ENSG00000173473	NA	NA	NA	NA	TRUE	NA	NA
ENSG00000120915	NA	NA	NA	NA	TRUE	NA	NA
ENSG00000102882	NA	NA	NA	NA	TRUE	NA	NA
ENSG00000198805	NA	NA	NA	NA	TRUE	NA	NA
ENSG00000145888	NA	NA	NA	NA	TRUE	NA	NA
ENSG00000135090	NA	NA	NA	NA	TRUE	NA	NA
ENSG00000154127	NA	NA	NA	NA	TRUE	NA	NA
ENSG00000174444	NA	NA	NA	NA	TRUE	NA	NA
ENSG00000179335	NA	NA	NA	NA	TRUE	NA	NA
ENSG00000137601	NA	NA	NA	NA	TRUE	NA	NA
ENSG00000152953	NA	NA	NA	NA	TRUE	NA	NA
ENSG00000156110	NA	NA	NA	NA	TRUE	NA	NA
ENSG00000107779	NA	NA	NA	NA	TRUE	NA	NA
ENSG00000108984	NA	NA	NA	NA	TRUE	NA	NA
ENSG00000130758	NA	NA	NA	NA	TRUE	NA	NA
ENSG00000140795	NA	NA	NA	NA	TRUE	NA	NA
ENSG00000047936	NA	NA	NA	NA	TRUE	NA	NA
ENSG00000074410	NA	NA	NA	NA	TRUE	NA	NA
ENSG00000118298	NA	NA	NA	NA	TRUE	NA	NA
ENSG00000164879	NA	NA	NA	NA	TRUE	NA	NA
ENSG00000167434	NA	NA	NA	NA	TRUE	NA	NA
ENSG00000174990	NA	NA	NA	NA	TRUE	NA	NA
ENSG00000169239	NA	NA	NA	NA	TRUE	NA	NA
ENSG00000131686	NA	NA	NA	NA	TRUE	NA	NA
ENSG00000168748	NA	NA	NA	NA	TRUE	NA	NA
ENSG00000107159	NA	NA	NA	NA	TRUE	NA	NA
ENSG00000196396	NA	NA	NA	NA	TRUE	NA	NA
ENSG00000138735	NA	NA	NA	NA	TRUE	NA	NA
ENSG00000088986	NA	NA	NA	NA	TRUE	NA	NA
ENSG00000107643	NA	NA	NA	NA	TRUE	NA	NA
ENSG00000136098	NA	NA	NA	NA	TRUE	NA	NA
ENSG00000119638	NA	NA	NA	NA	TRUE	NA	NA
ENSG00000067900	NA	NA	NA	NA	TRUE	NA	NA
ENSG00000134318	NA	NA	NA	NA	TRUE	NA	NA
ENSG00000170759	NA	NA	NA	NA	TRUE	NA	NA
ENSG00000149503	NA	NA	NA	NA	TRUE	NA	NA
ENSG00000117020	NA	NA	NA	NA	TRUE	NA	TRUE
ENSG00000275199	NA	NA	NA	NA	TRUE	NA	TRUE
ENSG00000138669	NA	NA	NA	NA	TRUE	NA	NA
ENSG00000086232	NA	NA	NA	NA	TRUE	NA	NA
ENSG00000118777	NA	NA	NA	NA	TRUE	NA	NA
ENSG00000119782	NA	NA	NA	NA	TRUE	NA	NA
ENSG00000122642	NA	NA	NA	NA	TRUE	NA	NA
ENSG00000005844	NA	NA	NA	NA	TRUE	NA	NA
ENSG00000112499	NA	NA	NA	NA	TRUE	NA	NA
ENSG00000142494	NA	NA	NA	NA	TRUE	NA	NA
ENSG00000180638	NA	NA	NA	NA	TRUE	NA	NA
ENSG00000133101	NA	NA	NA	NA	TRUE	NA	NA
ENSG00000176749	NA	NA	NA	NA	TRUE	NA	NA
ENSG00000158941	NA	NA	NA	NA	TRUE	NA	NA
ENSG00000175305	NA	NA	NA	NA	TRUE	NA	NA
ENSG00000151748	NA	NA	NA	NA	TRUE	NA	NA
ENSG00000063761	NA	NA	NA	NA	TRUE	NA	NA
ENSG00000006125	NA	NA	NA	NA	TRUE	NA	NA
ENSG00000264364	NA	NA	NA	NA	TRUE	NA	NA
ENSG00000172572	NA	NA	NA	NA	TRUE	NA	NA
ENSG00000152270	NA	NA	NA	NA	TRUE	NA	NA
ENSG00000185532	NA	NA	NA	NA	TRUE	NA	NA
ENSG00000183943	NA	NA	NA	NA	TRUE	NA	NA
ENSG00000138696	NA	NA	NA	NA	TRUE	NA	NA
ENSG00000022355	NA	NA	NA	NA	TRUE	NA	NA
ENSG00000111271	NA	NA	NA	NA	TRUE	NA	NA
ENSG00000086061	NA	NA	NA	NA	TRUE	NA	NA
ENSG00000078061	NA	NA	NA	NA	TRUE	NA	NA
ENSG00000173846	NA	NA	NA	NA	TRUE	NA	NA
ENSG00000147082	NA	NA	NA	NA	TRUE	NA	NA
ENSG00000100994	NA	NA	NA	NA	TRUE	NA	NA
ENSG00000106268	NA	NA	NA	NA	TRUE	NA	NA
ENSG00000178607	NA	NA	NA	NA	TRUE	NA	NA
ENSG00000134398	NA	NA	NA	NA	TRUE	NA	NA
ENSG00000197442	NA	NA	NA	NA	TRUE	NA	NA
ENSG00000142733	NA	NA	NA	NA	TRUE	NA	NA
ENSG00000141503	NA	NA	NA	NA	TRUE	NA	NA
ENSG00000011405	NA	NA	NA	NA	TRUE	NA	NA
ENSG00000161203	NA	NA	NA	NA	TRUE	NA	NA
ENSG00000150867	NA	NA	NA	NA	TRUE	NA	NA
ENSG00000224470	NA	NA	NA	NA	TRUE	NA	NA
ENSG00000080007	NA	NA	NA	NA	TRUE	NA	NA
ENSG00000139318	NA	NA	NA	NA	TRUE	NA	NA
ENSG00000006468	NA	NA	NA	NA	TRUE	NA	NA
ENSG00000175832	NA	NA	NA	NA	TRUE	NA	NA
ENSG00000244405	NA	NA	NA	NA	TRUE	NA	NA
ENSG00000076984	NA	NA	NA	NA	TRUE	NA	NA
ENSG00000003402	NA	NA	NA	NA	TRUE	NA	NA
ENSG00000204673	NA	NA	NA	NA	TRUE	NA	NA
ENSG00000105662	NA	NA	NA	NA	TRUE	NA	NA
ENSG00000160741	NA	NA	NA	NA	TRUE	NA	NA
ENSG00000155792	NA	NA	NA	NA	TRUE	NA	NA
ENSG00000119487	NA	NA	NA	NA	TRUE	NA	NA
ENSG00000167965	NA	NA	NA	NA	TRUE	NA	NA
ENSG00000164327	NA	NA	NA	NA	TRUE	NA	NA
ENSG00000141564	NA	NA	NA	NA	TRUE	NA	NA
ENSG00000197943	NA	NA	NA	NA	TRUE	NA	NA
ENSG00000139144	NA	NA	NA	NA	TRUE	NA	NA
ENSG00000078142	NA	NA	NA	NA	TRUE	NA	NA
ENSG00000087088	NA	NA	NA	NA	TRUE	NA	NA
ENSG00000129473	NA	NA	NA	NA	TRUE	NA	NA
ENSG00000176697	NA	NA	NA	NA	TRUE	NA	NA
ENSG00000170606	NA	NA	NA	NA	TRUE	NA	NA
ENSG00000180764	NA	NA	NA	NA	TRUE	NA	NA
ENSG00000141682	NA	NA	NA	NA	TRUE	NA	NA
ENSG00000241506	NA	NA	NA	NA	TRUE	NA	NA
ENSG00000131470	NA	NA	NA	NA	TRUE	NA	NA
ENSG00000101843	NA	NA	NA	NA	TRUE	NA	NA
ENSG00000228663	NA	NA	NA	NA	TRUE	NA	NA
ENSG00000226652	NA	NA	NA	NA	TRUE	NA	NA
ENSG00000232041	NA	NA	NA	NA	TRUE	NA	NA
ENSG00000223741	NA	NA	NA	NA	TRUE	NA	NA
ENSG00000095261	NA	NA	NA	NA	TRUE	NA	NA
ENSG00000092010	NA	NA	NA	NA	TRUE	NA	NA
ENSG00000100911	NA	NA	NA	NA	TRUE	NA	NA
ENSG00000225131	NA	NA	NA	NA	TRUE	NA	NA
ENSG00000068878	NA	NA	NA	NA	TRUE	NA	NA
ENSG00000125818	NA	NA	NA	NA	TRUE	NA	NA
ENSG00000101966	NA	NA	NA	NA	TRUE	NA	NA
ENSG00000224411	NA	NA	NA	NA	TRUE	NA	NA
ENSG00000179776	NA	NA	NA	NA	TRUE	NA	NA
ENSG00000113851	NA	NA	NA	NA	TRUE	NA	NA
ENSG00000073756	NA	NA	NA	NA	TRUE	NA	NA
ENSG00000204490	NA	NA	NA	NA	TRUE	NA	NA
ENSG00000206439	NA	NA	NA	NA	TRUE	NA	NA
ENSG00000223952	NA	NA	NA	NA	TRUE	NA	NA
ENSG00000228321	NA	NA	NA	NA	TRUE	NA	NA
ENSG00000228849	NA	NA	NA	NA	TRUE	NA	NA
ENSG00000228978	NA	NA	NA	NA	TRUE	NA	NA
ENSG00000230108	NA	NA	NA	NA	TRUE	NA	NA
ENSG00000232810	NA	NA	NA	NA	TRUE	NA	NA
ENSG00000120659	NA	NA	NA	NA	TRUE	NA	NA
ENSG00000112715	NA	NA	NA	NA	TRUE	NA	NA
ENSG00000173511	NA	NA	NA	NA	TRUE	NA	NA
ENSG00000150630	NA	NA	NA	NA	TRUE	NA	NA
ENSG00000143384	NA	NA	NA	NA	TRUE	NA	NA
ENSG00000089685	NA	NA	NA	NA	TRUE	NA	NA
ENSG00000100197	NA	NA	NA	NA	TRUE	NA	NA
ENSG00000272532	NA	NA	NA	NA	TRUE	NA	NA
ENSG00000275211	NA	NA	NA	NA	TRUE	NA	NA
ENSG00000280905	NA	NA	NA	NA	TRUE	NA	NA
ENSG00000282966	NA	NA	NA	NA	TRUE	NA	NA
ENSG00000283284	NA	NA	NA	NA	TRUE	NA	NA
ENSG00000144852	NA	NA	NA	NA	TRUE	NA	NA
ENSG00000100292	NA	NA	NA	NA	TRUE	NA	NA
ENSG00000197461	NA	NA	NA	NA	TRUE	NA	NA
ENSG00000100311	NA	NA	NA	NA	TRUE	NA	NA
ENSG00000145431	NA	NA	NA	NA	TRUE	NA	NA
ENSG00000170962	NA	NA	NA	NA	TRUE	NA	NA
ENSG00000127329	NA	NA	NA	NA	TRUE	NA	NA
ENSG00000128059	NA	NA	NA	NA	TRUE	NA	NA
ENSG00000186895	NA	NA	NA	NA	TRUE	NA	NA
ENSG00000128731	NA	NA	NA	NA	TRUE	NA	NA
ENSG00000276802	NA	NA	NA	NA	TRUE	NA	NA
ENSG00000277278	NA	NA	NA	NA	TRUE	NA	NA
ENSG00000145632	NA	NA	NA	NA	TRUE	NA	NA
ENSG00000105388	NA	NA	NA	NA	TRUE	NA	NA
ENSG00000106258	NA	NA	NA	NA	TRUE	NA	NA
ENSG00000134531	NA	NA	NA	NA	TRUE	NA	NA
ENSG00000129965	NA	NA	NA	NA	TRUE	NA	NA
ENSG00000167244	NA	NA	NA	NA	TRUE	NA	NA
ENSG00000168078	NA	NA	NA	NA	TRUE	NA	NA
ENSG00000163599	NA	NA	NA	NA	TRUE	NA	NA
ENSG00000011465	NA	NA	NA	NA	TRUE	NA	NA
ENSG00000132437	NA	NA	NA	NA	TRUE	TRUE	NA
ENSG00000151247	NA	NA	NA	NA	TRUE	NA	NA
ENSG00000138685	NA	NA	NA	NA	TRUE	NA	NA
ENSG00000004478	NA	NA	NA	NA	TRUE	NA	NA
ENSG00000146678	NA	NA	NA	NA	TRUE	NA	NA
ENSG00000136634	NA	NA	NA	NA	TRUE	NA	NA
ENSG00000112115	NA	NA	NA	NA	TRUE	NA	NA
ENSG00000104432	NA	NA	NA	NA	TRUE	NA	NA
ENSG00000196611	NA	NA	NA	NA	TRUE	NA	NA
ENSG00000089250	NA	NA	NA	NA	TRUE	NA	NA
ENSG00000122861	NA	NA	NA	NA	TRUE	NA	NA
ENSG00000198959	NA	NA	NA	NA	TRUE	NA	NA
ENSG00000142166	NA	NA	NA	NA	TRUE	NA	NA
ENSG00000159110	NA	NA	NA	NA	TRUE	NA	NA
ENSG00000084674	NA	NA	NA	NA	TRUE	NA	NA
ENSG00000170458	NA	NA	NA	NA	TRUE	NA	NA
ENSG00000160868	NA	NA	NA	NA	TRUE	NA	NA
ENSG00000079459	NA	NA	NA	NA	TRUE	NA	NA
ENSG00000174697	NA	NA	NA	NA	TRUE	NA	NA
ENSG00000107798	NA	NA	NA	NA	TRUE	NA	NA
ENSG00000175445	NA	NA	NA	NA	TRUE	NA	NA
ENSG00000135318	NA	NA	NA	NA	TRUE	NA	NA
ENSG00000172179	NA	NA	NA	NA	TRUE	NA	NA
ENSG00000089159	NA	NA	NA	NA	TRUE	NA	NA
ENSG00000057252	NA	NA	NA	NA	TRUE	NA	NA
ENSG00000003436	NA	NA	NA	NA	TRUE	NA	NA
ENSG00000170835	NA	NA	NA	NA	TRUE	NA	NA
ENSG00000160255	NA	NA	NA	NA	TRUE	NA	NA
ENSG00000128342	NA	NA	NA	NA	TRUE	NA	NA
ENSG00000100979	NA	NA	NA	NA	TRUE	NA	NA
ENSG00000178726	NA	NA	NA	NA	TRUE	NA	NA
ENSG00000143549	NA	NA	NA	NA	TRUE	NA	NA
ENSG00000102245	NA	NA	NA	NA	TRUE	NA	NA
ENSG00000181856	NA	NA	NA	NA	TRUE	NA	NA
ENSG00000143179	NA	NA	NA	NA	TRUE	NA	NA
ENSG00000156052	NA	NA	NA	NA	TRUE	NA	NA
ENSG00000143622	NA	NA	NA	NA	TRUE	NA	NA
ENSG00000100146	NA	NA	NA	NA	TRUE	NA	NA
ENSG00000066923	NA	NA	NA	NA	TRUE	NA	NA
ENSG00000184371	NA	NA	NA	NA	TRUE	NA	NA
ENSG00000113578	NA	NA	NA	NA	TRUE	NA	NA
ENSG00000121653	NA	NA	NA	NA	TRUE	NA	NA
ENSG00000103222	NA	NA	NA	NA	TRUE	NA	NA
ENSG00000278183	NA	NA	NA	NA	TRUE	NA	NA
ENSG00000068976	NA	NA	NA	NA	TRUE	NA	NA
ENSG00000109321	NA	NA	NA	NA	TRUE	NA	NA
ENSG00000143799	NA	NA	NA	NA	TRUE	NA	NA
ENSG00000129484	NA	NA	NA	NA	TRUE	NA	NA
ENSG00000149295	NA	NA	NA	NA	TRUE	NA	NA
ENSG00000069696	NA	NA	NA	NA	TRUE	NA	NA
ENSG00000276825	NA	NA	NA	NA	TRUE	NA	NA
ENSG00000198691	NA	NA	NA	NA	NA	TRUE	NA
ENSG00000136754	NA	NA	NA	NA	NA	TRUE	NA
ENSG00000153093	NA	NA	NA	NA	NA	TRUE	NA
ENSG00000143437	NA	NA	NA	NA	NA	TRUE	NA
ENSG00000030110	NA	NA	NA	NA	NA	TRUE	NA
ENSG00000085185	NA	NA	NA	NA	NA	TRUE	NA
ENSG00000100916	NA	NA	NA	NA	NA	TRUE	NA
ENSG00000114423	NA	NA	NA	NA	NA	TRUE	NA
ENSG00000142273	NA	NA	NA	NA	NA	TRUE	NA
ENSG00000040731	NA	NA	NA	NA	NA	TRUE	NA
ENSG00000165556	NA	NA	NA	NA	NA	TRUE	NA
ENSG00000131264	NA	NA	NA	NA	NA	TRUE	NA
ENSG00000080910	NA	NA	NA	NA	NA	TRUE	NA
ENSG00000109220	NA	NA	NA	NA	NA	TRUE	NA
ENSG00000172409	NA	NA	NA	NA	NA	TRUE	NA
ENSG00000214575	NA	NA	NA	NA	NA	TRUE	NA
ENSG00000277445	NA	NA	NA	NA	NA	TRUE	NA
ENSG00000164796	NA	NA	NA	NA	NA	TRUE	NA
ENSG00000155833	NA	NA	NA	NA	NA	TRUE	NA
ENSG00000136267	NA	NA	NA	NA	NA	TRUE	NA
ENSG00000107984	NA	NA	NA	NA	NA	TRUE	NA
ENSG00000172869	NA	NA	NA	NA	NA	TRUE	NA
ENSG00000177103	NA	NA	NA	NA	NA	TRUE	NA
ENSG00000135144	NA	NA	NA	NA	NA	TRUE	NA
ENSG00000197102	NA	NA	NA	NA	NA	TRUE	NA
ENSG00000155849	NA	NA	NA	NA	NA	TRUE	NA
ENSG00000105722	NA	NA	NA	NA	NA	TRUE	NA
ENSG00000187741	NA	NA	NA	NA	NA	TRUE	NA
ENSG00000158169	NA	NA	NA	NA	NA	TRUE	NA
ENSG00000144554	NA	NA	NA	NA	NA	TRUE	NA
ENSG00000221829	NA	NA	NA	NA	NA	TRUE	NA
ENSG00000006607	NA	NA	NA	NA	NA	TRUE	NA
ENSG00000196159	NA	NA	NA	NA	NA	TRUE	NA
ENSG00000181027	NA	NA	NA	NA	NA	TRUE	NA
ENSG00000187239	NA	NA	NA	NA	NA	TRUE	NA
ENSG00000070601	NA	NA	NA	NA	NA	TRUE	NA
ENSG00000163655	NA	NA	NA	NA	NA	TRUE	NA
ENSG00000120063	NA	NA	NA	NA	NA	TRUE	NA
ENSG00000123388	NA	NA	NA	NA	NA	TRUE	NA
ENSG00000123364	NA	NA	NA	NA	NA	TRUE	NA
ENSG00000128713	NA	NA	NA	NA	NA	TRUE	NA
ENSG00000128714	NA	NA	NA	NA	NA	TRUE	NA
ENSG00000185811	NA	NA	NA	NA	NA	TRUE	NA
ENSG00000104613	NA	NA	NA	NA	NA	TRUE	NA
ENSG00000083168	NA	NA	NA	NA	NA	TRUE	NA
ENSG00000152049	NA	NA	NA	NA	NA	TRUE	NA
ENSG00000197584	NA	NA	NA	NA	NA	TRUE	NA
ENSG00000073614	NA	NA	NA	NA	NA	TRUE	NA
ENSG00000118058	NA	NA	NA	NA	NA	TRUE	NA
ENSG00000002834	NA	NA	NA	NA	NA	TRUE	NA
ENSG00000164187	NA	NA	NA	NA	NA	TRUE	NA
ENSG00000145012	NA	NA	NA	NA	NA	TRUE	NA
ENSG00000213999	NA	NA	NA	NA	NA	TRUE	NA
ENSG00000101574	NA	NA	NA	NA	NA	TRUE	NA
ENSG00000168288	NA	NA	NA	NA	NA	TRUE	NA
ENSG00000130675	NA	NA	NA	NA	NA	TRUE	NA
ENSG00000099810	NA	NA	NA	NA	NA	TRUE	NA
ENSG00000214827	NA	NA	NA	NA	NA	TRUE	NA
ENSG00000278466	NA	NA	NA	NA	NA	TRUE	NA
ENSG00000198788	NA	NA	NA	NA	NA	TRUE	NA
ENSG00000140396	NA	NA	NA	NA	NA	TRUE	NA
ENSG00000124151	NA	NA	NA	NA	NA	TRUE	NA
ENSG00000074771	NA	NA	NA	NA	NA	TRUE	NA
ENSG00000148734	NA	NA	NA	NA	NA	TRUE	NA
ENSG00000137497	NA	NA	NA	NA	NA	TRUE	NA
ENSG00000126883	NA	NA	NA	NA	NA	TRUE	NA
ENSG00000279961	NA	NA	NA	NA	NA	TRUE	NA
ENSG00000083093	NA	NA	NA	NA	NA	TRUE	NA
ENSG00000186472	NA	NA	NA	NA	NA	TRUE	NA
ENSG00000121440	NA	NA	NA	NA	NA	TRUE	NA
ENSG00000073921	NA	NA	NA	NA	NA	TRUE	NA
ENSG00000140464	NA	NA	NA	NA	NA	TRUE	NA
ENSG00000128513	NA	NA	NA	NA	NA	TRUE	NA
ENSG00000154001	NA	NA	NA	NA	NA	TRUE	NA
ENSG00000278326	NA	NA	NA	NA	NA	TRUE	NA
ENSG00000119698	NA	NA	NA	NA	NA	TRUE	NA
ENSG00000133246	NA	NA	NA	NA	NA	TRUE	NA
ENSG00000185238	NA	NA	NA	NA	NA	TRUE	NA
ENSG00000152104	NA	NA	NA	NA	NA	TRUE	NA
ENSG00000162775	NA	NA	NA	NA	NA	TRUE	NA
ENSG00000152214	NA	NA	NA	NA	NA	TRUE	NA
ENSG00000137818	NA	NA	NA	NA	NA	TRUE	NA
ENSG00000163902	NA	NA	NA	NA	NA	TRUE	NA
ENSG00000079102	NA	NA	NA	NA	NA	TRUE	NA
ENSG00000119335	NA	NA	NA	NA	NA	TRUE	NA
ENSG00000168066	NA	NA	NA	NA	NA	TRUE	NA
ENSG00000090402	NA	NA	NA	NA	NA	TRUE	NA
ENSG00000176463	NA	NA	NA	NA	NA	TRUE	NA
ENSG00000161547	NA	NA	NA	NA	NA	TRUE	NA
ENSG00000138336	NA	NA	NA	NA	NA	TRUE	NA
ENSG00000112697	NA	NA	NA	NA	NA	TRUE	NA
ENSG00000100815	NA	NA	NA	NA	NA	TRUE	NA
ENSG00000182463	NA	NA	NA	NA	NA	TRUE	NA
ENSG00000063244	NA	NA	NA	NA	NA	TRUE	NA
ENSG00000156687	NA	NA	NA	NA	NA	TRUE	NA
ENSG00000042781	NA	NA	NA	NA	NA	TRUE	NA
ENSG00000106346	NA	NA	NA	NA	NA	TRUE	NA
ENSG00000120008	NA	NA	NA	NA	NA	TRUE	NA
ENSG00000109046	NA	NA	NA	NA	NA	TRUE	NA
ENSG00000159882	NA	NA	NA	NA	NA	TRUE	NA
ENSG00000169249	NA	NA	NA	NA	NA	TRUE	NA
ENSG00000183317	NA	NA	NA	NA	NA	NA	TRUE
ENSG00000101868	NA	NA	NA	NA	NA	NA	TRUE
ENSG00000062822	NA	NA	NA	NA	NA	NA	TRUE
ENSG00000177084	NA	NA	NA	NA	NA	NA	TRUE
